design_id,geometry_thickness,geometry_camber,geometry_camber_pos,aoa,mach,reynolds
design_0001,0.12299563813065323,0.03932424838936083,0.3534449281306854,5.101346201518703,0.7207973829746144,8984154.525016198
design_0002,0.158293686902168,0.03244148168406474,0.434878674146119,1.2611044046118893,0.7467851832666196,6979934.390212468
design_0003,0.11433471147556526,0.004284788021556909,0.45689975233902635,5.309061465399092,0.7415188824219149,6482108.079967238
design_0004,0.11310918585571676,0.02287073892547073,0.4313648684794481,1.8062787922437313,0.7375101888338687,9455460.42659099
design_0005,0.10783382533928375,0.03414987033081176,0.44743611573834263,4.94183503979866,0.7558493129607732,8596139.371748652
design_0006,0.11396514862017137,0.013792258041476884,0.3149860073579906,5.387434801615818,0.775878469279635,7915807.433560725
design_0007,0.1560357070802911,0.008342808398676517,0.30255964253503453,0.7625638562248387,0.7988058209943104,7377573.082949518
design_0008,0.13156257566515328,0.039637441382770325,0.44521841533538953,5.541126549162319,0.7684409114342484,4834659.777425602
design_0009,0.10650295887112687,0.034482099545658784,0.484716003657395,0.91353919121524,0.767409787424488,3276574.0909066745
design_0010,0.10047383793365647,0.02534342228548427,0.3234944812897971,0.730966961942801,0.7628630197040216,3612963.8238260844
design_0011,0.10108330709358918,0.017644827678769525,0.41598115396349444,5.233533983138008,0.7964062891120708,9791247.553455096
design_0012,0.11595660279707437,0.016996113701802013,0.31015429059607047,2.3513019406040687,0.7950167302072069,5416201.949314512
design_0013,0.1572517160559358,0.009465489930253233,0.3690181339986144,1.8618938406803212,0.7921694689672876,8237869.2691595
design_0014,0.13799786209048143,0.02104861293566099,0.4922033618643963,1.8126722565541789,0.7425315418230799,5390965.966487473
design_0015,0.11286355562621378,0.028332007723463608,0.30178321758159915,5.8097826197414,0.6960258024430437,6231382.236609682
design_0016,0.11898782798541546,0.0024992009850324072,0.30799749747477695,0.16890928553981588,0.7383653670627527,8417538.962983424
design_0017,0.13900701069395485,0.005278730534698675,0.3434218227440943,3.555224802907957,0.7914404762400917,6650421.283406889
design_0018,0.15189672975742338,0.03570850084426943,0.3884539671096865,4.120905357874021,0.7064664631060467,9771442.25982951
design_0019,0.11323082409606726,0.008983171414303805,0.4521116396412026,0.30261533388395545,0.7829621219759999,3760321.9780417657
design_0020,0.1026982229169318,0.029339165465632155,0.4347375780224743,3.2360037234717116,0.7949390265282166,7201682.748939307
design_0021,0.1366690846192407,0.03589836161005395,0.3991021710453185,0.10545524449740261,0.6845276880870459,5356281.445201002
design_0022,0.142500926068301,0.01749630114041935,0.3218057312075043,2.7900303334795016,0.7588588182012466,6059310.706138303
design_0023,0.1330098454007219,0.01932437317688905,0.30992888632170973,1.0178980370638795,0.7230075629841047,3623699.429421276
design_0024,0.10081932431125847,0.01666954615704766,0.462776996352953,0.4981803268667595,0.7007369785695644,4883725.840115923
design_0025,0.13049876159798843,0.033336195025202756,0.4676543411884749,5.874803514562023,0.7248506614724172,6522030.2265730295
design_0026,0.14875865016248968,0.003914728352648072,0.49742253246393264,5.960107862024654,0.6868136525883749,5629592.6854169555
design_0027,0.13241586146099432,0.02638338948015024,0.3162707320742148,3.4667517691313456,0.7498805785679171,8330353.887729689
design_0028,0.12390670082391356,0.025755935686864437,0.3663812537940341,3.227148283397425,0.7630658000257843,6235090.283894062
design_0029,0.1458333875092203,0.0122491521493614,0.4377007180227175,3.365728181964689,0.7585003056347647,7237436.138416823
design_0030,0.10431007572457492,0.016876249821223304,0.3738443294798672,2.977318678287776,0.6815220679516731,3431194.695837877
design_0031,0.1286726502194176,0.011229729711888242,0.3257705289735849,1.1971589000231853,0.7091270006543426,5449113.993867306
design_0032,0.14732871865265787,0.0364243813716044,0.3932110795031433,5.951641363950175,0.778035859682083,5600138.764137065
design_0033,0.1151331681596808,0.017294679600767755,0.3395963081245278,3.334399434110645,0.6971366085064941,3053272.0657754256
design_0034,0.15346678473801106,0.035819943447635685,0.3702274373215108,4.330208945000553,0.7531855862776174,4261735.892152129
design_0035,0.13573062658919938,0.030096032868059907,0.44989202620035323,1.7110628535974302,0.7200758301002832,5500334.759562213
design_0036,0.14045521776980288,0.02259881135161111,0.4754936911236014,5.491332828382465,0.759751316574705,9338135.97642079
design_0037,0.12377531448237954,0.006836542744736269,0.4756291849550649,4.057460762008619,0.7492574483557972,5802256.607248008
design_0038,0.12574350673691564,0.01386201281031802,0.41781868174840514,3.8337660739343056,0.7596537792511349,6726031.635635645
design_0039,0.1557116834107989,0.0399092287012073,0.37147982056586265,1.8790416135237045,0.6898839674132841,5567052.872626137
design_0040,0.15624512968431048,0.03066738011631923,0.48387779032642736,5.854993748766358,0.6827852272316286,9963649.956242967
design_0041,0.1117159791935244,0.013573972977483056,0.480311232899455,3.4456599665330567,0.77544898053011,8829680.369604096
design_0042,0.15012717095670733,0.020898142296402373,0.32434420240624684,2.7159325869273276,0.6925381535818118,7152139.352058203
design_0043,0.14685719399041947,0.032921690496587705,0.4832466636531892,1.439828894025017,0.7465647213653762,9447604.410090394
design_0044,0.11447038219921907,0.006600945986382707,0.4495865634001868,3.9183605858728825,0.7054660186069894,4901364.592969871
design_0045,0.1266585224359057,0.016190875104249432,0.45241873537563165,2.885097932839028,0.7650186617959502,4168666.1161469333
design_0046,0.1323205425043335,0.029046681434349356,0.4768391273314604,4.748128626556367,0.73482340086979,7315850.451635603
design_0047,0.1466920566747701,0.015638673449180206,0.4010350094591516,4.785590366376625,0.7550040814328822,8254677.963746458
design_0048,0.15547453725038762,0.01918838662941714,0.39523567250546937,4.871546841270567,0.7203321179917639,5743691.06763551
design_0049,0.1446010813705563,0.02875486678235701,0.4736720415426297,5.1253832040679566,0.6994025591608585,4417412.567757932
design_0050,0.12071698163074068,0.007359935945462277,0.4933600120642051,3.5304024475117677,0.6802832359390641,3411612.932283082
design_0051,0.14276515567601816,8.65276334848388e-06,0.36021487531936214,3.1107695717657426,0.7594109202356332,6822334.7768885065
design_0052,0.1585973162105016,0.03599059317860492,0.46316866765470094,0.4360341631590075,0.7544618180246112,4743042.33375949
design_0053,0.10185441974673769,0.008247862635038775,0.4110329889909836,3.3033673034293294,0.7640872211576428,8920233.13480657
design_0054,0.15536733598353095,0.0002628428107916641,0.43965169057412246,3.7565734618413824,0.7488233736557893,7115562.47895091
design_0055,0.14761766773901194,0.02187456943235978,0.3082437838464392,5.288002265447135,0.778645809063099,9647770.631739326
design_0056,0.14607754074947055,0.005055600356592969,0.4996270938018167,5.027733168471777,0.7905384323310379,3688931.8877894115
design_0057,0.1284005905160777,0.014700154323777142,0.41431033380405163,3.158584775822505,0.6896506749077975,6695299.393160427
design_0058,0.12641902660407842,0.03536141327710777,0.44331898644901213,1.5973521288075851,0.6893345737065454,3800693.2645968897
design_0059,0.14769600277636394,0.02830827968504395,0.30344092276476375,0.06844619876652329,0.7857558173699108,6717859.416481438
design_0060,0.10249004376071562,0.03768548839002874,0.3930190447972379,1.508239664543582,0.6834047657162209,9612491.498435678
design_0061,0.12208201927416162,0.0010612440287936337,0.40283098323484584,1.2448636132948219,0.7990641074216542,5122497.867373564
design_0062,0.11639163852766285,0.009763731573026098,0.4006960006406284,5.47743248250741,0.7747882325522127,7505637.014849192
design_0063,0.11017975298015974,0.0016174033760689072,0.3136952313191686,0.3970307150752691,0.6962993445971201,9584363.113720628
design_0064,0.14779278601392393,0.013924214113177371,0.3143860676192489,1.9812104230622238,0.7919853668065905,8642548.416528817
design_0065,0.1216897861550892,0.003247625739800181,0.38550649417830857,4.765251681315433,0.7051998808155485,6039534.471036419
design_0066,0.12682123638996864,0.037818838379388604,0.4559009372710622,5.860425092231923,0.7095058683948144,7195907.140166526
design_0067,0.11376374722848198,0.010398851256474589,0.30659751360293747,3.442540987946811,0.7542713934461868,7285316.300158084
design_0068,0.10129042157304098,0.019938385425826988,0.3302538715774643,2.9719711280608108,0.752903487859229,4436750.896998724
design_0069,0.12106045635402335,0.02660101267984727,0.4930365197121499,2.9456261916899047,0.7931867936002113,3206346.3856162555
design_0070,0.1524636818637732,0.02077687671028987,0.42659945662552234,0.6623234930091069,0.777766235844778,9393458.749263529
design_0071,0.15215715401366411,0.018584214971094224,0.4413251568641187,0.032776273212187734,0.7963078273077004,4318231.937847488
design_0072,0.1268972803450023,0.009580164254445304,0.46047927335871974,0.11930556024991731,0.7705425869473095,7638810.045643196
design_0073,0.1584597992713538,0.00785098403688606,0.42217208709751725,4.160548009880343,0.713755886692405,5748111.009654895
design_0074,0.1244326163907133,0.030845270998191596,0.3270538474967075,1.4716134485324537,0.7234362094805951,8947125.437805243
design_0075,0.12606241524152245,0.019916726554087508,0.3976414119548905,2.426811487832368,0.7611129740193723,6759229.541440949
design_0076,0.13349358089920557,0.018364614614328423,0.3555380536620123,4.308967840793164,0.7200936139492571,9786596.721827935
design_0077,0.13481964899853438,0.002264481210834635,0.4899282677022525,1.08563250647506,0.7471505150797637,8351634.6706326585
design_0078,0.1540199899811831,0.03278929931972143,0.3041709748685006,4.8280501791006785,0.7566653314353838,9471799.11610763
design_0079,0.15226749880798265,0.017940618669069743,0.4798276585713139,0.9476325276051409,0.7074509759880201,8297083.330731764
design_0080,0.13853653873310184,0.03182290448905297,0.37594184333930725,3.608182471661098,0.7930353455047687,4032949.1905175606
design_0081,0.11578920396595035,0.01596475585435022,0.3809812409732761,4.1946744007335734,0.787464347049666,8015786.717418387
design_0082,0.12984891333438858,0.015348535344582458,0.4665860276042876,5.221459413380564,0.7308150672944385,6031538.787722283
design_0083,0.15902591676335076,0.002461455336061538,0.3455731275946291,0.8671708252582876,0.7267594191035888,9837280.319722174
design_0084,0.13653093563015584,0.0048985305351171935,0.4808950481382738,5.408917223789533,0.737345933523161,9822534.615013476
design_0085,0.10794582618005956,0.02751276412741907,0.478317967127761,3.7295113179885826,0.7525089053583808,5664465.596100456
design_0086,0.10967924264566246,0.03507696630198597,0.3244491366801204,3.7358901352864438,0.7308831774521419,6287040.822466001
design_0087,0.11749421023511164,0.021824702160546345,0.423160535775115,3.6588327198775144,0.7369113359524203,6577664.348815465
design_0088,0.12177313466680846,0.02125569022727791,0.31645135781287526,4.081737837503032,0.6944809786692684,5651139.503400108
design_0089,0.14969100576845606,0.02158325045810367,0.361850796739518,3.5414060671819185,0.7608106347980585,6787543.691349162
design_0090,0.11278524031476023,0.005433761967916481,0.40278442829427097,3.0982872066629468,0.7380949913099955,9922380.802791696
design_0091,0.1340339660549314,0.018852474331911732,0.3113317271570714,5.590419062234149,0.6964765322781626,7002502.403304457
design_0092,0.1307223800974564,0.021346078674214165,0.38984095049720907,0.21041686137661758,0.7224153319225056,3297574.3858895088
design_0093,0.1579623830527791,0.03151571280461521,0.3192866783782093,1.593440571167532,0.7697839422374666,8727046.46011988
design_0094,0.11264101536687282,0.030495964450983504,0.380491751358914,2.505845017854332,0.7580521044648307,8384038.271149453
design_0095,0.11116069895141296,0.022506906195363073,0.41325250041189227,5.168951149405034,0.6954059242368844,9430515.928762075
design_0096,0.10287768846397616,0.0220187065849855,0.3013432717916138,2.8394459493749493,0.7124122585161559,6304366.894076807
design_0097,0.13429689073372497,0.02141086380716774,0.3445905622498354,1.1494669446743597,0.783296584189016,6510184.831888897
design_0098,0.12854140277098822,0.009628665860576443,0.4856565415462343,5.519009184436023,0.7557281586879202,4215745.019253933
design_0099,0.14308443516376007,0.01650836541285444,0.45808819217132224,0.09438529468796424,0.697477460733011,8667802.869668398
design_0100,0.15698658755695563,0.03309511174597998,0.35296334765836,0.5334447501664212,0.6936072648169751,9744828.821676835
design_0101,0.12995808069155196,0.0003793175621302913,0.49032772383603607,5.7631582672992865,0.7219246704912126,3225364.1731209024
design_0102,0.15671520240702141,0.0025865728832463004,0.3870411065803049,3.0486076787902947,0.754103009132213,7625169.44330685
design_0103,0.13225040385017542,0.03490380942515255,0.35103311098654655,0.5684135384619011,0.7068021769038584,3008979.1721726237
design_0104,0.10337927824105302,0.0008960442933977699,0.46626325692469706,1.5249986411503718,0.6853045409127444,8534489.16329899
design_0105,0.13892390122350168,0.022152323894252545,0.4324343301058208,4.669638394006732,0.7443206929518081,9131116.352999728
design_0106,0.1106050176395796,0.01816370720748547,0.3331287005258954,0.021663215968915198,0.7143484085571367,9091802.121067904
design_0107,0.1462572603371921,0.027279490345035073,0.3449003617516468,4.009693252980073,0.7406857015100153,4687085.563182776
design_0108,0.10874736590346355,0.02069474430323039,0.3129511466271289,5.094505724995017,0.7667842306660724,5097412.807834877
design_0109,0.14435587995837784,0.03737213566800231,0.3866785274936291,0.22599421496895478,0.7561330737282309,8570472.664576221
design_0110,0.1083956405047414,0.03434149510868696,0.48502495928462663,0.053769836002000734,0.7599657921602604,5480201.241886858
design_0111,0.1199674667705263,0.0022287813503110688,0.425052200161533,0.7454593747262256,0.6977846473811371,3742621.575803264
design_0112,0.15115128696661884,0.022972430390609,0.35178393517913786,0.817742802160987,0.6811022203785853,5579964.947638653
design_0113,0.14178557976117107,0.00454897429743483,0.40500597143467026,1.6801277694570604,0.6885862096480351,5337416.47381929
design_0114,0.14029893785727424,0.038439598094045783,0.45436761653143865,4.929793147533692,0.6931726428718683,5474242.569130423
design_0115,0.11196703527256915,0.017888780457374864,0.40475926169354043,3.038638418749909,0.7613347953364865,3251941.584646499
design_0116,0.10538078578252377,0.005710974204592577,0.469645211194569,2.827429408741065,0.6860112308117364,6636349.556544049
design_0117,0.13842536781373985,0.01341723208996029,0.31117583460513215,2.537105183046151,0.7819243256914871,5957940.294566559
design_0118,0.14230181863643077,0.008476358818295017,0.3911141359672902,3.13250087366984,0.7420688066206644,4276735.946099518
design_0119,0.13256640766878064,0.021132999733932692,0.35903433363698745,0.16283121547397006,0.7250257278080269,4830346.892328477
design_0120,0.14466446888561174,0.03797499107049136,0.40715418900459666,4.445286556488357,0.7062430231424658,8812856.054017728
design_0121,0.14494519760935448,0.03302298063503913,0.3924170693845522,3.990542764589863,0.767608123419493,7340633.238538504
design_0122,0.1482354084097792,0.02985104183892855,0.380197200262787,0.7146877619969434,0.7479498979086557,3399425.089071875
design_0123,0.1479143789229366,0.015820200375963208,0.30206433055960524,4.899601909371501,0.7981514193834185,6940308.011913973
design_0124,0.14146266640335411,0.01737902967467572,0.331566034292207,0.3817051931872928,0.7061000283170025,9108429.894811865
design_0125,0.13454983699223383,0.0030946697903325507,0.4609982472489118,2.0300958261257094,0.686715320290079,6165465.303152032
design_0126,0.11811579612927757,0.016310855154158376,0.46897572419823247,5.990189157233106,0.7652122069031152,7686874.048013373
design_0127,0.15636678480553212,0.0071992094867965074,0.4841161575861466,1.17079077239814,0.6952131044788319,4382162.936894386
design_0128,0.10895074024745009,0.02326626312927627,0.4296690617536376,0.14627382107079367,0.7400058433563195,4337646.029223943
design_0129,0.12587338956764463,0.016372486174854935,0.40609658140871857,3.8685842027930333,0.7316974805470504,4699304.551051702
design_0130,0.13365591198893972,0.0008120766032048918,0.3912165387949305,0.5184168226995491,0.750387587942943,4143820.823504229
design_0131,0.11332878280868693,0.029458921719230733,0.4137728821047579,2.0579532305442525,0.68396654649021,5841346.1244724
design_0132,0.14480240209337758,0.0015395768198719598,0.476054091034196,2.93706985868616,0.7994001389447711,3875748.759824571
design_0133,0.13391581026306434,0.03857376533418544,0.37693224095625877,3.173135759291161,0.7770715022151274,4673176.993976881
design_0134,0.11680925005702007,0.03466372070950299,0.3997667951244067,2.849225288104066,0.731473639706226,3283411.752393918
design_0135,0.13963261421575635,0.0036780421992332764,0.42085268402996406,0.26558024422313853,0.7299880332623874,4573522.859393936
design_0136,0.10450343071159121,0.031246663165175353,0.4066198099493735,2.688960215462547,0.7209691747483749,8008627.8242243
design_0137,0.1057777506442942,0.02676850771230951,0.3946303500873254,4.526862705684611,0.7724056740340938,4094345.6267335555
design_0138,0.15509947448012829,0.012877430676675832,0.3841877146158799,1.2985014879744228,0.7995341456452865,5723113.473653958
design_0139,0.15451750204189746,0.029558608327415678,0.3154291380984848,0.9103523659429226,0.7841939846232397,9150543.382980397
design_0140,0.15422986436846978,0.009936645843095112,0.3674930958042973,1.0439557571084375,0.6813165939568188,7254210.2861312125
design_0141,0.11347093637427962,0.0037457041251636298,0.3860964914821742,5.15159206663083,0.7010718392697504,7812187.627620375
design_0142,0.15951155298749128,0.02736459479320182,0.32137251900104724,4.76059390392268,0.6832303029426161,4757065.66052388
design_0143,0.13936820915626502,0.01753589915255803,0.3494671235062575,1.2947457200698964,0.7971105670730025,6095077.525322184
design_0144,0.1277844366495486,0.03344857576184308,0.354174283963106,3.149549181536825,0.6941035951918006,6748919.341817478
design_0145,0.1263484677517543,0.03378506826771469,0.49505941500582196,2.773592373271607,0.6888798837702355,8707756.383563804
design_0146,0.12206860030849818,0.027952858278030512,0.46540304794778237,0.47481951247444903,0.7102783076568581,8401954.356050216
design_0147,0.139489593100673,0.009916069294376365,0.44770219700544267,2.241316207416837,0.6927695636438075,5054635.978366571
design_0148,0.13084982295964928,0.025955865144151935,0.4877834074394857,2.3544656208033965,0.7590629523564331,4609265.290679484
design_0149,0.15068997039382664,0.02881434386986613,0.41651859141706554,1.6495915137819601,0.7039990596497786,8043704.169103164
design_0150,0.14982519952060142,0.0012812786597737786,0.30112436221732775,1.9590635885788195,0.7474236059681509,3634072.309480948
design_0151,0.13177914680161254,0.009242176051790046,0.3880784300266171,5.756523776055353,0.7344455447285179,5544620.13842663
design_0152,0.14444573650388848,0.019819704724449116,0.49077720250907614,4.14784269957807,0.6916632764994727,4062948.555012976
design_0153,0.14118921912544338,0.024810961071511248,0.48919689398928545,0.678043540014997,0.7656115072544226,4657343.787721602
design_0154,0.10660978631408363,0.01052257969577753,0.4692283107590527,5.98392149949934,0.7681105016610309,7482757.300163031
design_0155,0.10645628369933614,0.0017063556187102767,0.39870439395873525,1.2111642681845636,0.7826139282449007,7530728.204472383
design_0156,0.13816783584526238,0.012481501296200598,0.36262011067583444,4.709046868095072,0.7691974975033044,8481437.40559046
design_0157,0.12325129465415002,0.009059064475103847,0.4992883256570698,4.584333424654736,0.7243219951272076,8749900.148135923
design_0158,0.10165461144441142,0.03807259459824581,0.3182361897161934,4.255200578640363,0.7252116536580282,8218853.836537363
design_0159,0.11617493607378074,0.0031369732946759845,0.3746807533887401,2.437395117876495,0.7006034070173475,5184735.187530711
design_0160,0.1539065162996518,0.038211684349533606,0.4461664153633613,1.395727805389987,0.7283191646995397,6337655.365128144
design_0161,0.10138457719758631,0.03731416079484144,0.3045956040163159,3.956203657773295,0.7016781134533044,5641619.355013004
design_0162,0.12416653229387872,0.002686346818107747,0.47404457847036796,1.3726582379931567,0.7304576076499576,9240215.02829818
design_0163,0.14421273191922046,0.02491284162756152,0.34807741724971947,4.575764138558458,0.6824904150394536,4352320.124985166
design_0164,0.10573036362492427,0.028548282367442612,0.4311379965914809,2.9937255809963985,0.7140078670314808,4963598.365064317
design_0165,0.1451347030780923,0.012629253076949612,0.31191337861356827,3.8090268255769613,0.7119236573477901,8129962.21892649
design_0166,0.1387580499915128,0.024714840537505223,0.35786456223689445,4.514967164348515,0.7505618429890455,8104218.606058769
design_0167,0.1422295219947663,0.03711646266758506,0.3848289481156773,4.684115695962712,0.7430433167725105,6678710.90257515
design_0168,0.13630688906561092,0.015876809794683967,0.34053248784884876,3.4939032121111557,0.7785419967731098,4646365.643305071
design_0169,0.12520902533341774,0.012763386120118732,0.415267168547964,1.3391405368803462,0.7820991652787052,9856595.126221191
design_0170,0.11874253896910786,0.03534248566519326,0.3845562940382051,5.337292501032575,0.7012407375973876,3885046.142873059
design_0171,0.12725609607701463,0.007650251454242173,0.3859821822324029,3.8433769430989617,0.6933372811909471,5013160.129737107
design_0172,0.15425887022662166,0.022182378744332768,0.42543494821014294,3.2726604765022547,0.6986826795690857,7781785.342899262
design_0173,0.14931689613153837,0.004851135146565271,0.4886165759380807,3.5866310829594807,0.776658370146366,6210849.506911147
design_0174,0.12151425582745427,0.00018019915065055112,0.35249999770296564,2.4679776167758036,0.7221991011612348,9247971.874930875
design_0175,0.12243988310587887,0.010954571442933814,0.43542272977592955,2.7507789541945686,0.7259585084588258,6953377.234638587
design_0176,0.1309859744295999,0.02231843077689485,0.4329407822273579,5.415017707963938,0.6872272613281241,7273757.566153653
design_0177,0.10359639104958594,0.011465823541845508,0.4162480736923124,0.7035211077449575,0.7757106355998318,8313112.882497221
design_0178,0.13993665383411572,0.028718097885316835,0.4341430897209315,1.7737219246472864,0.7025554252804411,7175573.964785451
design_0179,0.15057279237753232,0.014351688517008703,0.3358052725993533,2.2288313049009068,0.7141574278293527,5283104.1963266
design_0180,0.10546113950578259,0.03282637905744022,0.37605548324920185,1.5558601717679514,0.7030174342323243,8449658.35397418
design_0181,0.1516331424546286,0.031033971093221164,0.3288675900557344,2.483726037334193,0.7464249541024061,7593331.01934088
design_0182,0.15177044870862658,0.015059436856714752,0.44020806209374563,2.798684015578914,0.779203638389287,9807517.294822767
design_0183,0.10857786548658392,0.027615496980141402,0.4121136690324415,5.5314940067216245,0.7386969615035022,9671902.990361033
design_0184,0.11983707618388907,0.011568548485344913,0.36365032834107575,2.703413900427542,0.7181652980398366,9549279.128692517
design_0185,0.11629111222006476,0.030952010091575832,0.47084247049805383,5.902760535709238,0.6968861383613584,4181777.484822382
design_0186,0.10065079917387672,0.008946237435118324,0.45336843824756917,2.0940638759804324,0.6976959983341512,9497647.981738329
design_0187,0.10626299395108242,0.02012353756100255,0.3054382862812241,0.19100493036541777,0.7489157602685327,5311747.71533445
design_0188,0.15649662713281973,0.024353579004380732,0.3175565328666791,2.7398176388216466,0.7031979213803976,9978715.797727805
design_0189,0.15478644695751614,0.03939115612122781,0.3584328613691937,4.269660237829398,0.6903873730347756,6933526.218257446
design_0190,0.14912212286351617,0.00673041116614343,0.43692615384430666,2.905058056541016,0.6947162935276203,4403402.950984712
design_0191,0.10461512030594625,0.035259982875821334,0.47010496624084464,1.8250568878277957,0.726142662093763,7552242.19246287
design_0192,0.14197342964417536,0.0014437815953768272,0.46869635291771294,2.021997727178431,0.7774088903902119,6180897.124039457
design_0193,0.15740516873048535,0.037448192570257416,0.3051810091420233,4.717433371440741,0.7115000727747518,4615964.580421703
design_0194,0.14082133909402805,0.006222918822758657,0.41895003548882537,0.04514310663897385,0.6800459408203813,4244288.685323774
design_0195,0.15613153192674958,0.011349118651980895,0.38251067471167455,1.6972402247042662,0.7687443793400062,4936272.542971072
design_0196,0.12896323166616203,0.03605463984162472,0.4076528707663798,0.3473343573681153,0.7245427381213192,3584881.783968414
design_0197,0.15770700224847603,0.017241530659012013,0.32662893200923737,2.6490700129494824,0.7961051351326496,5978915.110042999
design_0198,0.14610368731028678,0.015206193376421972,0.4788781098144631,1.6142125217730012,0.6943410671177521,9862429.928350843
design_0199,0.15257248996422137,0.006244386138205295,0.4965393985031279,3.674031752313452,0.6911170092300445,9494478.333499096
design_0200,0.11551769606747228,0.011957820069663583,0.42638961200121367,0.6143717350795128,0.7015498558905154,6087577.083236824
design_0201,0.11423979810956345,0.015385230769391798,0.4105147642825045,4.404606914884999,0.7155095717493021,6887545.307711057
design_0202,0.11734072779070354,0.03006315401624122,0.4872207227785894,5.0138151002374975,0.73934989971477,8870389.827730317
design_0203,0.14659002636804017,0.00012150232969063237,0.49766514967533715,1.1264390754771978,0.7195460634633403,3946371.281234526
design_0204,0.1082566065799774,0.0006967704058645693,0.3727323039623296,5.6871356318341935,0.7974311801909245,3320292.975046028
design_0205,0.13551362879997922,0.002323112032281772,0.3061760749125853,1.0274020312292873,0.7728322069825382,3777981.4143002573
design_0206,0.13683599948744654,0.02333283311593984,0.37206484745853685,3.524837294935721,0.7570221693554273,5507132.36151308
design_0207,0.11964323474016436,0.039988692609677516,0.37830119969625775,1.5164948565901295,0.7876216983985571,3146740.5449557677
design_0208,0.15375009781279592,0.0280595487276757,0.3959883062044845,4.183144906044806,0.7575788224371323,4930045.695671683
design_0209,0.14505131812614575,0.00046837437074508776,0.3502683836595199,5.5767162782605695,0.7678708630115165,3597718.6557846125
design_0210,0.15386270947532601,0.03342942037351128,0.43829185357610595,2.657128437903296,0.734023113553678,6918233.337828231
design_0211,0.11462076215243308,0.007957003706678283,0.33705930994182537,2.520968959625158,0.7056905506254669,3080740.651833614
design_0212,0.13708670463580383,0.0007881843706330286,0.4059524435177788,1.8457691942492909,0.6914176273294828,7658429.374757298
design_0213,0.11717592355570562,0.03623954665611921,0.34191759004646877,0.14074017298985017,0.6988109469529066,7757982.613878041
design_0214,0.13811019594980947,0.01958534678942852,0.37317768315425687,0.5060851551732306,0.7937688505463201,4491647.353789987
design_0215,0.11849493523990186,0.008681350494077266,0.4619287049083407,3.3390551184280017,0.7456680401195723,4521749.844056638
design_0216,0.11773225261118911,0.025158715282365265,0.34149160744629126,3.013091314937536,0.7902990698651489,8203939.131077667
design_0217,0.1370604965706158,0.012365238703367339,0.44675705713997604,0.2015765199148108,0.7925359774438473,5895303.279769891
design_0218,0.10841806297965055,0.026951829263050217,0.4333864838662961,0.9859048815672311,0.7322828552218404,3927740.012467717
design_0219,0.12369724888067649,0.01575717575898055,0.40178804920644595,5.1120575843552345,0.6821900328797916,3021564.7435769937
design_0220,0.12965172587891013,0.02295450558525745,0.3634761418705913,0.8912071484270081,0.7643097626279611,9225311.507409556
design_0221,0.1014795678059799,0.008208081427953592,0.4245190740608847,4.369581200543182,0.7034432603344533,6865319.172908285
design_0222,0.14040951380562117,0.008116360966916418,0.41954565338375116,2.374473693558529,0.7100052622834492,6395206.450320706
design_0223,0.13527573536081924,0.03754857684686661,0.436500163155896,5.881764223915665,0.7496917873782801,6464006.161104556
design_0224,0.1224714576155428,0.038986877621067915,0.35066935861816323,5.732521293469675,0.7353290627941828,8501057.043552715
design_0225,0.15445086475917025,0.013003618016642349,0.4986812265572183,4.360985724890385,0.7623453341012921,8892943.982237019
design_0226,0.1397891629681596,0.00353010356127495,0.45866480013948663,2.6285961966031417,0.7294864260289997,4558371.184762374
design_0227,0.1493404247409376,0.019054879771268955,0.4883749548192292,1.5415428963682363,0.7548268774079387,5161923.78617722
design_0228,0.1192468089462328,0.0344306479537448,0.41015074351750613,3.9731422341719345,0.7967682676521999,8073322.3761649495
design_0229,0.10255364905095833,0.02414053405572331,0.3550910933763263,1.0735963692532329,0.7197771511106531,3721995.509536383
design_0230,0.14727849272112598,0.02581126567813298,0.4234251486746968,2.4020980100298956,0.7520703155054741,3996146.9116045935
design_0231,0.108116719765608,0.004720878468081109,0.49429157902482296,2.175659077048329,0.7944854437880463,5025693.580103079
design_0232,0.14329997137225703,0.034985653459301554,0.4185546243785101,1.9383537641277029,0.790997989327252,7972125.894237815
design_0233,0.1350478675782902,0.01678616342545611,0.3004037443735538,2.324439454705934,0.7958651487521715,5771478.619584028
design_0234,0.10706518445157,0.03206616874875994,0.48681214318585664,1.6692792868240773,0.7453119012130136,8548337.246187659
design_0235,0.14636630187928867,0.018883272442467524,0.44835297476844693,3.689918046420112,0.7733629132561911,7258548.009017373
design_0236,0.13689496954725833,0.02198130672064024,0.49279150494596,2.0457673742281157,0.7666087539416442,9026435.785021463
design_0237,0.13323121662428306,0.013157311920554695,0.45547339645100293,0.9488794974002437,0.7151866772693376,6563604.031858688
design_0238,0.11217174720985329,0.007493399748139088,0.43848983600970315,5.791258832708138,0.7431362724737218,4195228.188230463
design_0239,0.12789412466634056,0.031532087228248226,0.3878732005235526,2.2101134477156683,0.7350950879342131,7827465.415971556
design_0240,0.13791364074024828,0.023910956040018076,0.34227791205387254,1.0942397032663655,0.7476755845848592,6373855.656785519
design_0241,0.1546433422415959,0.02356841207910668,0.49118757059452256,1.3628790617503508,0.7330870635299289,7698133.009566684
design_0242,0.12511015210938053,0.023153587712683343,0.41240392058773523,2.4901729830347623,0.6919998354790667,9295884.009510107
design_0243,0.11153271054840488,0.02507012206676597,0.47244828624120794,2.5940150936873243,0.7510996726208544,4012473.5147560174
design_0244,0.1377279149216184,0.036870002112707106,0.40324787239036297,0.23842595371843334,0.7790879204815547,8517724.237895794
design_0245,0.15149894572033915,0.03850570015612012,0.325123510477059,5.3978302424282,0.7279895038523203,4069443.028602205
design_0246,0.13535748656386715,0.006466006816567407,0.32876739657521714,3.3232542430154743,0.7998070094011721,9726218.844202235
design_0247,0.1596562625204489,0.0362913573372055,0.38893472474165436,3.21392072820599,0.7285966420788841,5345035.518175758
design_0248,0.1357678478758434,0.020045421918683193,0.31053169452005674,4.237312929085444,0.7134908083947165,8228905.945354342
design_0249,0.12955459935863775,0.03079521738335116,0.47353257360526496,0.6855770376623841,0.7043110753756172,3550274.125413796
design_0250,0.14011398052678833,0.02100828213059234,0.42370482827939077,1.6380137501691179,0.7411086033121095,4392436.632541455
design_0251,0.13464043679760862,0.02167649899369214,0.4283162974209584,2.960727802346764,0.7399237939411163,5842004.38357464
design_0252,0.11655012307086052,0.01969834306513082,0.47204162779528364,2.085651691448604,0.7647759072101458,4498360.094149441
design_0253,0.14203334180944344,0.012109066511315623,0.45640289464003736,3.4910721478103275,0.7639394829593201,5915472.415824752
design_0254,0.13408384976183418,0.03188337785436887,0.374150942381051,5.355503037000372,0.7808208218213235,3115164.741506591
design_0255,0.1577703104343256,0.02361674888769971,0.36962332521044333,5.560644593597808,0.751672969399278,4152222.426563062
design_0256,0.14593749365206635,0.0028239742053289595,0.3875250967188529,3.622018335232636,0.6837991142487047,8923487.873005973
design_0257,0.11563756574305839,0.03257211089370746,0.42140989595784395,0.6244315769966647,0.7815809179891542,7931409.855938893
design_0258,0.11868803085532885,0.026214477336590575,0.45165228023918813,1.7448106602995042,0.7368789058223875,4907998.083349483
design_0259,0.1140905105673541,0.01647329152579493,0.32527708421632423,2.448079875840615,0.6818444012327538,9171649.524288442
design_0260,0.10405320197372109,0.035452967376953026,0.32721618380413964,1.6632561422415266,0.7952224317683105,7143242.65017293
design_0261,0.12468788330047909,0.008862997627995748,0.31331038358420327,4.105170554417478,0.7741645206540029,3734499.014676107
design_0262,0.15874384132862615,0.023392643334051184,0.4747323311423423,1.258724210582308,0.7416999772166681,8033804.18500602
design_0263,0.13193115903911948,0.0061059804197682015,0.44596975793803123,3.4140028457529343,0.7339469136836176,7873966.146809092
design_0264,0.11816819634686662,0.03867962616041106,0.4287710755895944,5.183248396040813,0.790117767732023,3337698.205424948
design_0265,0.1197425830146559,0.02350309566343767,0.3261582152533659,0.38698933953542525,0.7216751971986072,3092728.2347079027
design_0266,0.10881072602883346,0.02687008198603552,0.3036141896106214,3.402829186731207,0.7158071697816079,8167110.643092708
design_0267,0.15003900234352174,0.022421126662140287,0.4268150345997459,4.393379860397828,0.7714110392590903,8857418.562241156
design_0268,0.14387972812493818,0.01808271278797974,0.45022180587881816,2.1234268870800834,0.7538172250292964,3704298.3024357855
design_0269,0.11041905853760724,0.029696188653487342,0.3467891955061334,4.621137087302797,0.7191628525728831,8786378.375500424
design_0270,0.1454429554482564,0.032482124161900904,0.3755677613816263,3.7008025172831243,0.7936142885813244,8117858.217496125
design_0271,0.15357078183931236,0.0027999103741509733,0.37793899488512905,3.6392851540106563,0.6895668577100905,4315697.826074197
design_0272,0.10193608500366967,0.02924508348534699,0.37055594124891833,2.203263105717575,0.7870822280404527,5430816.948679252
design_0273,0.15496024682116777,0.01659333571412837,0.4204132344647473,1.0577961903126187,0.7106098456692629,9071354.765723435
design_0274,0.10102595124252077,0.027892221315529216,0.4484894972859017,4.305326225363089,0.7659211853929199,9877424.298914596
design_0275,0.13012408546987334,0.013254559738165932,0.41713778642779104,4.4754471155291515,0.7446071642159201,5702218.622901073
design_0276,0.15084499057530976,0.029660124965498358,0.3376838487686909,4.438698414150316,0.7040892818215502,9988316.580383267
design_0277,0.10308697479289283,0.029994535038862253,0.37904817350216846,5.6538375888525305,0.7796358513834236,5212250.4929370005
design_0278,0.1178978857628045,0.007007607077980983,0.357189970870105,4.969077243299121,0.7319645366504957,9913663.07400992
design_0279,0.11088296044423333,0.024012091688569454,0.35734246114410284,1.4525374050549054,0.7738652902049888,4583717.264124464
design_0280,0.13180742163224485,0.01025819074180661,0.4673515761027632,5.8338371166674845,0.685994640331613,8680097.315884821
design_0281,0.11605295969619085,0.024736389370977406,0.3966690582629211,1.0034965132429847,0.6998904402879117,8463692.050560527
design_0282,0.14831754842754916,0.009325190940119845,0.4404264798842072,5.207176277296649,0.703736185492563,4709580.796127578
design_0283,0.11472717683323749,0.038939025823443066,0.40812203006104336,4.557902836702897,0.7459863772922548,3984199.2089920263
design_0284,0.14133928069063945,0.0255695384732808,0.4982951631846011,4.91023580274952,0.7355886991136368,9701777.9249309
design_0285,0.11846163980447605,0.010038256610644067,0.46387669030974815,3.755796776357793,0.688915422285689,5103612.737995062
design_0286,0.11243585621410003,0.017744335096601567,0.3597942320311472,4.563131455136208,0.7077871481379673,5059056.421750974
design_0287,0.12663424351224714,0.00695896755806499,0.3647086168334479,0.5544854281684226,0.7179040320445779,5305399.695848728
design_0288,0.12308352362284694,0.02448506318305802,0.4668380300604572,0.42714865257313434,0.6842335873168647,4990167.071875456
design_0289,0.1292319429367664,0.03355758841270998,0.4615747875946642,3.6669805053304025,0.7327561150049318,5950674.7605389515
design_0290,0.1031849472226657,0.017106327738194246,0.3325883498779635,0.2600758858173423,0.7436159569339057,3130221.189784993
design_0291,0.1314779990130609,0.01694596554657629,0.4854162737565562,5.711564408230895,0.6995887351149087,4871618.564195147
design_0292,0.1372462704708676,0.027806212743368693,0.3002113860602376,2.0676679898248933,0.7709271795409717,5183940.340321239
design_0293,0.14862601233783235,0.02943551130104016,0.4576748651469723,2.1480636432304174,0.714912822542087,4984301.576995673
design_0294,0.1152643889852905,0.03213148226854877,0.33725986436527583,4.0692427901656325,0.7020967637355191,5898673.374406703
design_0295,0.12708608460713275,0.022344134660397,0.46414107149054323,1.9973328753610393,0.7523826977077657,5233440.819404737
design_0296,0.15884356519818338,0.01717841490951783,0.3355985493934186,3.12027706720884,0.7659011253686095,5697209.228577111
design_0297,0.10006141859496404,0.03221334734524308,0.3339307736248483,0.7804935413699743,0.7897264705083944,4733707.889937821
design_0298,0.14170493692639652,0.037191391962007686,0.4913310597816528,3.2528800298978737,0.718804156651082,9300855.900163552
design_0299,0.15242438408724404,0.025878800293948893,0.41757897779901565,0.5983791690136133,0.7890574994657971,5820846.424638383
design_0300,0.12015291210251944,0.028608618453796617,0.371757527269436,1.9152150494929494,0.7388714878943065,7056633.730597325
design_0301,0.1382862611509172,0.023973218295222802,0.34572856369516203,1.6254199553983324,0.7646103970556525,5559488.907639759
design_0302,0.12505393125615114,0.0018776957133139567,0.32107100963786145,5.627223438366397,0.7911844871490288,4360732.852338569
design_0303,0.10391481877066451,0.03562822949605269,0.37954788805585576,4.597138480498836,0.7363756676929777,9197754.584269473
design_0304,0.13919680126699813,0.014049767176574628,0.405333067887772,3.2773341485316783,0.7390439455732448,3534914.9599151495
design_0305,0.13759000220079184,0.014584216557539484,0.44419623440540607,0.41105966586839016,0.708300962795105,4540955.973145006
design_0306,0.13142614258379418,0.00215417545750286,0.31259564655998623,4.893400341128824,0.7583675869819302,7420667.073410716
design_0307,0.12487451387226353,0.03390723986185216,0.45120158584075476,2.186964171938736,0.7721880491644724,6495788.976773605
design_0308,0.13044222443078798,0.03949261375041942,0.3340393753387705,2.5589852251659053,0.7662292023934301,9761352.75151879
design_0309,0.11674004277168842,0.019270792338701388,0.422607028885988,4.045237766325675,0.7694920912613435,8165379.131147613
design_0310,0.13286493294417312,0.03968017969156319,0.3679864134115273,0.3168620220844178,0.7053349473957359,7586997.271007132
design_0311,0.14956462496673806,0.01781231184618993,0.4728482309232166,5.9393998627204425,0.7635152379648562,6862909.241156425
design_0312,0.10051741977424127,0.029767360929879427,0.44689709456810384,5.188258796910751,0.7768722725945424,7744048.55903884
design_0313,0.10694335401954133,0.03232587293335325,0.4549839592704756,4.20921115474506,0.7761898781457646,7835188.445125734
design_0314,0.128194498160424,0.009740598844049314,0.39067011303259974,3.718025063919022,0.6924552361117345,7995410.281969846
design_0315,0.10025729915352637,0.039537915433486566,0.3537430945150978,4.350714746937051,0.7578299674701912,9179875.111161591
design_0316,0.1373872595732371,0.0058667190625876185,0.3838518329910191,5.965715190391362,0.7003848937775135,8717055.480313322
design_0317,0.11207846392132821,0.0034126863890246092,0.3653311407901446,1.4445873520026145,0.6999550193998948,9319987.986343645
design_0318,0.12479221881373104,0.031159867639242302,0.3651568989015453,2.615349392383438,0.7893489487024973,7218094.221165106
design_0319,0.1282955855332562,0.034194069239735086,0.3224168925721209,5.592268504957286,0.7303470793253047,7356019.981914022
design_0320,0.10208837355837366,0.03635115774065653,0.33239621381301143,3.8258810511518218,0.7800118995903114,5269308.615515414
design_0321,0.10682262723691445,0.029171512252214638,0.4776223671123221,4.484766877521052,0.7553420389037317,7511048.737105538
design_0322,0.1153940567786733,0.03922317562998169,0.3382007633362032,2.8799062220605576,0.6908498264963985,3358459.1833318705
design_0323,0.12433499874467085,0.020879983291488248,0.3817382432458822,2.280366545052388,0.6871090040574375,8506080.954124734
design_0324,0.1578717894524031,0.0043743478706657225,0.3642047547701543,0.32987429341538516,0.7781746940086435,5200407.2361068595
design_0325,0.12943172076749587,0.005036485244792656,0.35647883390410323,3.3524970603615385,0.7164509048784553,8763724.807485573
design_0326,0.15832242051256717,0.010180278374611084,0.38126836894766347,1.777812724547089,0.7046604184148499,4770307.1177378185
design_0327,0.1375144384666786,0.03675016595792308,0.3693444766934899,5.277893070202579,0.7744847604739411,5134901.618930946
design_0328,0.12458335200217445,0.020429742165906248,0.3545174333594037,5.4556235102625426,0.7176043182915564,4113192.490150692
design_0329,0.12129922858719322,0.013298760429502078,0.39379073972954004,4.226569147637935,0.7263544820343968,3488653.020279348
design_0330,0.13337400518281373,0.015456622777372366,0.4374107161622399,4.4930601646085995,0.7895769945643561,6117852.76171742
design_0331,0.15588570003494423,0.001229401618185806,0.4815211611281618,5.325824650706831,0.717314978806092,6162001.745095852
design_0332,0.15106161613879254,0.026401716346793728,0.32792592735505866,2.25782359624349,0.6820575006720357,6437002.358574938
design_0333,0.13999206299014016,0.038348632111397433,0.4288644910815894,2.312962981909575,0.7933832773559736,7168565.733919591
design_0334,0.13331467760364585,0.027336029023612967,0.35824088423590433,3.624160207149439,0.7763508211616239,7128029.028848408
design_0335,0.13603325600018465,0.026085300400246828,0.3607807990444296,0.8280596783434491,0.7449004505480632,4804838.028467663
design_0336,0.14900813729933976,0.018676900103260365,0.3436599682785478,3.190959089358305,0.7083870170596289,6302799.791403328
design_0337,0.12289672428490325,0.03029102552093384,0.4428729454601398,4.332375235351135,0.7117881667788405,8442287.873358574
design_0338,0.1556755474789753,0.03791689405013785,0.4683658494724986,2.134523458916826,0.7941690124999536,8638442.822007686
design_0339,0.13007278097087696,0.028237980624495135,0.4860108488378098,3.5087937977097265,0.7736977014902223,9536436.421670016
design_0340,0.12039858626814644,0.008067262081771751,0.4042021289988114,5.049955753765554,0.7881654080551547,6331890.936278788
design_0341,0.10778026830598003,0.031112010599204386,0.3366990153133878,3.7986512990232537,0.7751781314094186,3795359.556369912
design_0342,0.10993222203986755,0.001770031196518619,0.314667534875257,0.07564952884486018,0.7617317792993814,3155906.534271175
design_0343,0.13112975801933696,0.028122626122057993,0.4539432660952196,5.922176988330188,0.7185202659088342,6197123.219506459
design_0344,0.14077975013303623,0.0034491997580026602,0.3658194805269252,3.0656207967098976,0.7829302321428746,3969030.9231476467
design_0345,0.10608199442872039,0.02379725100131858,0.42183479736527607,3.032078723753859,0.7731276063008033,5243730.476266143
design_0346,0.13268070338713361,0.011125012708686854,0.33457027229263026,5.608793913426211,0.7428690563825477,8684606.351148644
design_0347,0.10751748650746899,0.03670021116827084,0.3223807550050086,5.266055546000617,0.7605215187619339,4442488.669172419
design_0348,0.10597835520629431,0.03372455714897074,0.38225728077420845,0.5856264592373776,0.7985059756002075,9405902.105672743
design_0349,0.11234407846067707,0.02018988465787161,0.4181812173115038,3.0873622850059776,0.7884529498934064,5860922.471314654
design_0350,0.12328317814586848,0.0313227407121379,0.3835188504946755,1.4118463423758927,0.7019974546818059,3467799.796877257
design_0351,0.10327322694448544,0.007270832270420431,0.44901830192930725,1.3494951631844825,0.7167931990551584,5032680.853732834
design_0352,0.11943696313754588,0.027707818324377964,0.3681954189956872,0.6031603367248187,0.6920366123599444,6009626.094354179
design_0353,0.13441441537131274,0.009171080678599942,0.3384664823575867,1.9281237789769397,0.7536155291765957,6429976.424788568
design_0354,0.10920081518645836,0.039814904031825846,0.348815511639851,3.291640639774533,0.6864465668601315,4853389.237125928
design_0355,0.11257723292225276,0.02030001902293883,0.48223410914118353,5.544539608260021,0.7501615759917329,9894665.252863023
design_0356,0.10468748194949799,0.01247499433742967,0.45101199740618614,0.8843195240831199,0.7099906178119224,4818927.288727999
design_0357,0.10218441462888114,0.0005896497277922045,0.39711494136696146,0.9730052131371054,0.7697073978960977,9634535.520834938
design_0358,0.1409952337598287,0.03483500635715373,0.4258832112825249,5.739026852366684,0.7775150234761525,4783876.581723984
design_0359,0.1290512304223651,0.012716997848819444,0.3592186498689557,1.3850610579352627,0.7886214249157857,6139918.73557907
design_0360,0.15048177261431833,0.036635531070568154,0.40910901138230743,0.004163645780870548,0.7240762088646697,6655774.47603064
design_0361,0.10299539886323966,0.036127642731224076,0.37329391372905907,4.83909063290007,0.7716869390228281,8343643.324687881
design_0362,0.1453558993744915,0.016025469461370453,0.47856429644357057,3.5910088879031044,0.7423136320487299,5526032.582725575
design_0363,0.12266188534262312,0.0390400076832448,0.42739797000738416,2.00791942392595,0.68552127142391,6253921.113353759
design_0364,0.10900293888129921,0.02445303121958099,0.39483083668180424,3.7789158210440417,0.7850599680752525,9345240.680597259
design_0365,0.10764638912602105,0.00743629066716493,0.4953059950561802,5.052463530865409,0.7614552559443788,3221269.946243829
design_0366,0.101716383379515,0.018433894420892747,0.3399009591080253,1.579940209744651,0.7671776948838014,3110824.355182776
design_0367,0.11782307554277947,0.03016127117838688,0.4827630926548171,3.470515286795601,0.7636033516086739,6023730.308521066
design_0368,0.15272724702560414,0.023743410252484262,0.4445290560900804,5.782104391117941,0.6957753543375945,7396572.987968365
design_0369,0.15753476705001884,0.03401303162405502,0.39728552274425366,3.9042744618888325,0.7887750737888931,4300032.000572983
design_0370,0.11145054265770749,0.01068837349665671,0.44086886178889867,2.6718311872767706,0.7132443238484929,9597361.714733442
design_0371,0.14106360923461855,0.0108171208380724,0.3462243841123648,1.3115409891737617,0.7879276622401357,3815308.0884809485
design_0372,0.10023405564355911,0.014130281601200601,0.4918833383481468,3.7811672043938924,0.7451166484534741,7898517.884220113
design_0373,0.1312555888043545,0.011009553859377385,0.319730178801453,3.2452524544869767,0.7859588015968164,3458569.9168351986
design_0374,0.139245583984249,0.011724554781024766,0.442247312371966,5.087746794352977,0.7700064444643406,8581313.518055774
design_0375,0.12736551846168045,0.007086126348059328,0.41174051242418735,2.8998896064954556,0.7072097741477145,9215904.789547436
design_0376,0.1306462789413589,0.0010118368234476054,0.3786308708926507,5.039730944342648,0.7274843325674428,9004634.738807566
design_0377,0.15811465051333146,0.02525397345018471,0.4323784653270779,3.8977949982969693,0.7669108573675232,9363594.588914856
design_0378,0.12543554374941318,0.022741097855362505,0.4295543656551877,3.080378549654297,0.7272148392065485,7083682.141583372
design_0379,0.13215558180600878,0.030418236369098604,0.45054569007975154,2.382008875574532,0.7095625182240207,9572035.156063655
design_0380,0.13641987837427685,0.030597778029086437,0.4592755387327896,1.856591011561561,0.6848288836384487,7037552.114342868
design_0381,0.12223642107119195,0.03230832416448404,0.44482760330879034,1.7954855257965754,0.7256289649129444,7332313.0282133585
design_0382,0.1512869684884711,0.025601673252837347,0.32022356268465796,1.1119046880634147,0.786782813463577,6592532.043616123
design_0383,0.11664275561865366,0.0130770940014316,0.4716724347774108,0.5430351642444289,0.732975120040177,6974608.6719731465
design_0384,0.15906489731546222,0.03648286010687129,0.4544082587419177,2.9222950009907023,0.7127165059212537,3865640.593534846
design_0385,0.14708608185021896,0.03457120892281532,0.35632014012682545,0.4626272967159629,0.744200639822355,9269913.558403779
design_0386,0.1191809473591231,0.02648311747855553,0.3184651968112718,2.4121377205587566,0.7027314109130364,8973027.372996587
design_0387,0.1094592190395468,0.014828898878014356,0.3408426721737575,0.772404127085336,0.762755775454015,5793723.458506158
design_0388,0.1037339038734965,0.02840824701531297,0.4302360958378725,0.366585467763683,0.7729582679832097,9948686.784358405
design_0389,0.11827542811067952,0.008532555163626599,0.4958702353249109,2.1437396772818698,0.6852153280249321,4952479.305558383
design_0390,0.10935029063435607,0.01498757397194761,0.40856310982289396,1.4272540780823508,0.7089300794748339,3962806.2206337876
design_0391,0.11755540077313667,0.038846825209604315,0.41485841709595517,1.325647113065477,0.7715456764025558,6453375.085221394
design_0392,0.12018414438408696,0.027569333818935175,0.33916660654864106,4.611956753435512,0.7519221499520011,6546417.386678059
design_0393,0.14265822447548993,0.03173461182854311,0.3923281227182051,4.849899922720083,0.725382346752814,9684380.362511091
design_0394,0.11888709901312151,0.020514485378287397,0.4588886915600809,1.2302160165794152,0.728132979230227,5938708.715834426
design_0395,0.15091699827406427,0.0011354141723044062,0.493613502222169,5.65060974088456,0.7460093850282308,7662542.34977661
design_0396,0.15298671772457212,0.018783915378392333,0.47060971427702736,3.427553563905466,0.7619794735228432,4079379.985834802
design_0397,0.10502231594061769,0.03319410516483966,0.3671320856766597,4.040108139868087,0.7335578493186429,5398857.058389166
design_0398,0.15205600047616133,0.0029174818402339197,0.4773922181265918,1.8947230282063425,0.7721573676158887,6709284.421607407
design_0399,0.15722846756723052,0.01428808215229905,0.3095286813047383,3.933704916759087,0.7710018786584305,9378174.807185866
design_0400,0.15710870009838496,0.03360703954067236,0.46576850676546466,0.2442916944322121,0.7571876448461947,9139949.94301293
design_0401,0.15937333810061655,0.025364127318950783,0.44387462423025015,4.952300482469685,0.7130975584270786,6796957.354352253
design_0402,0.11365157542390529,0.014947925090924642,0.347354305752429,4.986855655069509,0.7380658913450339,8776721.74332625
design_0403,0.12356462254838442,0.010472354413377653,0.4036232058935109,4.823682570635642,0.7333516007305024,9061929.997384943
design_0404,0.11480380087162104,0.02888295906771002,0.40981469213696187,1.0558351807595976,0.7813473192617935,8797773.100892827
design_0405,0.11071800857998684,0.018009594877489054,0.45732568004065005,3.5680371987054067,0.7987619643955364,4531265.093669129
design_0406,0.10519121169372847,0.03913701276189677,0.3230547357597385,1.2179760911818118,0.7290397412045182,8364883.576672468
design_0407,0.10366192823026575,0.023075308098114086,0.36121943785407906,0.3573359341120508,0.7189131003756234,7021099.382833395
design_0408,0.10732085101943238,0.038149629355303576,0.43168668461312965,5.146543168910177,0.721063433099904,5616738.414875494
design_0409,0.1288141726272581,0.0194949424802013,0.3892744513397873,4.030660064129975,0.6881778468738174,8054285.259545654
design_0410,0.11381544078547806,0.005529517255477558,0.45970833758235047,0.6524009508992363,0.7851509119582594,3844073.9771508155
design_0411,0.1293112437066818,0.02033054130781407,0.41152152715204543,0.48890302988118584,0.7113421333682702,9277179.265510196
design_0412,0.14157748402184778,0.007544424975492836,0.3484415908966651,2.245653994193505,0.7080127400342112,6273362.857138337
design_0413,0.10723288580663365,0.013698676294543364,0.38306114487241394,2.7714141393449245,0.7847149468425987,6358668.304042766
design_0414,0.15685634630728523,0.027066690902518693,0.4970228717506851,2.576610772188068,0.7228102354476434,7544475.525820019
design_0415,0.14239644208635335,0.001975028531465974,0.39812883272200883,5.2548147464925306,0.7795731650492451,7763958.974816472
design_0416,0.11131149936553002,0.005145294352644133,0.4764582095178255,0.12918668154260424,0.7508661709342336,9717232.526569683
design_0417,0.1302915356973567,0.012177889469964367,0.3994870396782056,4.803254311991565,0.7495145823521502,6778668.583107261
design_0418,0.14743597786509255,0.006338072812899768,0.39195488541994644,5.915904025313425,0.7377629400605386,6380111.073425163
design_0419,0.15962481763280095,0.02500156083535555,0.3428106762446125,2.549061460926579,0.786245425200226,3262962.8317731605
design_0420,0.1502859380541564,0.014472092697547097,0.43568495360670556,2.730333750106392,0.7226124990855285,7616355.829001611
design_0421,0.12750098026454773,0.004140325374098949,0.3515767022925255,1.1551307440486558,0.7359934458199794,8287175.776162796
design_0422,0.11307953694281424,0.00382620458520764,0.4818057835093858,4.734817038261102,0.7704631639198827,7298226.911740652
design_0423,0.12080571778471517,0.038281809032921985,0.33339333876808946,1.1781263042497547,0.7123774074062007,6534532.7437034305
design_0424,0.14951365342707393,0.029021486777736825,0.3071930186098345,5.3034964561167,0.7916820530476323,8419680.74690656
design_0425,0.12112200673859624,0.005321588369623235,0.4241999366447471,3.881102125528396,0.7822721829361602,3831896.4815645562
design_0426,0.1102075261507085,0.03514815461970482,0.31688434717575376,4.4616775453614475,0.7235473356974096,8148986.340329747
design_0427,0.10713662916632306,0.03877289260066357,0.49440506686938224,2.167731507890587,0.6876792216868555,3061644.5763666434
design_0428,0.1104597408719769,0.03395747046956023,0.3498631952314314,0.8571568899784312,0.7838500724484553,3385272.7449400825
design_0429,0.15317579122596997,0.031644276472846865,0.4128441522667614,2.2791034209349657,0.7414337055779531,8960927.419376833
design_0430,0.13618603819020408,0.03136162107845899,0.4651682619879713,5.667864206906309,0.7069379163902061,7443792.101122089
design_0431,0.1337310506758827,0.0030101960706290466,0.3940324282626501,5.218586700752271,0.6879900949617659,9516815.531678807
design_0432,0.14839345215720098,0.007824861562463353,0.4012885236282731,1.9545516700678776,0.7435154335189367,9046534.71808016
design_0433,0.11951503137812983,0.02265601605147765,0.36645537819953417,4.424530359387518,0.7927401823783692,4467392.445573312
design_0434,0.15922739612805029,0.03761716770578124,0.43948032106201906,3.9459205196756044,0.7165426348767727,5378658.084613768
design_0435,0.1118056509123864,0.004031479002567995,0.45606372440171705,1.4994341313049082,0.7324455069832978,3040155.779152076
design_0436,0.14365752995721,0.034747006663612676,0.37665642273479155,4.131463935653283,0.7408766593785121,6613412.664970429
design_0437,0.12592406707006198,0.011821494602705774,0.37100212867324495,2.3284056286771575,0.7573433397840699,8900966.335609915
design_0438,0.1255048013446116,0.005830476500057822,0.34790121774523564,3.8605537794304343,0.7171863624918533,8091392.7729432
design_0439,0.10998540096911291,0.02420649646022845,0.499108557679525,1.5686714941112683,0.7807775707658394,3917278.6034287894
design_0440,0.1549511157000908,0.03034575255040726,0.3236720472359363,4.292493573838715,0.7906892235789892,5142012.881922557
design_0441,0.13589994461987115,0.008781989486250679,0.34033759690934495,5.065361299500376,0.7048356151007282,4046428.0674389787
design_0442,0.14291477125488664,0.014481230745695555,0.48948637637437875,3.3842307661655036,0.7602612759861319,4218550.031283326
design_0443,0.12868271412746646,0.024600306684998165,0.3058742843753824,2.301577424429392,0.7979917543863614,7942464.611918912
design_0444,0.1043247511451997,0.003996851820801433,0.48063310300717255,0.9258648154046378,0.7854736168138908,8841980.751460152
design_0445,0.12715315756169143,0.0056172786749584345,0.3608728534981552,3.968517927846886,0.7156567155305302,3492163.0149672274
design_0446,0.14890500836316434,0.004425554676089962,0.31593820146943397,0.2972816566167104,0.7812602582592397,3565375.8768181424
design_0447,0.125652867315706,0.036941033882420635,0.4623005441086837,1.1368717763167842,0.7237451040665647,9940956.390950691
design_0448,0.12049099670344046,0.014732918961081734,0.4304018672825755,4.280611842937951,0.6878947274444095,6408556.211486394
design_0449,0.11108755073946605,0.0042113296074044425,0.31207096786721583,0.636111276992785,0.7555008096999049,7017382.504289828
design_0450,0.105581306666136,0.02715748350995244,0.40237393721195536,4.653246844261529,0.7293463024342387,7795401.051827986
design_0451,0.12406744619081198,0.008589195133497997,0.47923721048948736,1.9022784441275964,0.714708754518016,4247282.463999124
design_0452,0.14301981514991474,0.027039143554471425,0.4646153304702269,4.003175635507778,0.7160808785142396,3671323.305843901
design_0453,0.1209257791519168,0.011075523161998155,0.3087665469820066,0.276593628565599,0.6981422706728738,3522598.091594518
design_0454,0.1150441239483628,0.005957046563084346,0.34247082057606376,0.741728321178295,0.6830293239513315,6848496.96514367
design_0455,0.13476314346788024,0.03264228051313736,0.35204933009255784,1.48744218660657,0.7956171766621158,6809648.434975436
design_0456,0.10487695938029673,0.03723568369781183,0.3629022023322088,2.5866450333859725,0.7214389416693469,6068264.994453896
design_0457,0.11697861390725027,0.024283326356651234,0.31782307315192054,5.79940206816371,0.7972292504469305,4635340.395752391
design_0458,0.12345361755420814,0.020636239982344907,0.32937772652892683,2.861499484973514,0.7481627105379413,5994925.542282794
design_0459,0.12056317443117912,0.03197112887032241,0.3309881116335477,5.461945592684195,0.784108904758587,7713962.571272254
design_0460,0.14651366739947236,0.01615861772738675,0.4145617543003612,4.511320841314879,0.7358102084819867,5463500.17682003
design_0461,0.14332620087269432,0.006038461238561546,0.39632345726990914,2.3919077511281968,0.7485794144649466,3646014.869701215
design_0462,0.13492286665767744,0.0129363825949214,0.48678992667634147,2.8177423040212046,0.698454484557413,3507196.3060286907
design_0463,0.12186511372511413,0.02175404177386018,0.3073660331440605,4.66660030731472,0.6938954057546204,9418253.947864706
design_0464,0.14856536428524628,0.018998521519685323,0.45289529325476025,0.7986014890130131,0.731225243817744,3367312.4670943078
design_0465,0.1531088371998479,0.01825854099684247,0.37728401150917323,1.7210901639598346,0.7564924787357248,3187524.0192722203
design_0466,0.1565525456378704,0.018496327914466922,0.44188314097985165,3.000374416988407,0.7087990657633407,7960147.367963124
design_0467,0.12624096272745217,0.013479279178962198,0.46342121518113955,4.171660321319818,0.711135007515565,9657781.302737746
design_0468,0.1456428952895547,0.03323918429509784,0.379736555204702,5.365378764992015,0.7346131858040945,5254663.501303397
design_0469,0.1435393114196631,0.021486382631564955,0.4830701210640217,5.345234990621819,0.684571020771655,3680770.455749982
design_0470,0.12807487532407044,0.00666956063710103,0.3306028551096783,4.099076929845439,0.7514421531564426,8270572.72330763
design_0471,0.14557996420933494,0.011384214102609978,0.40020347612696816,5.433841312757675,0.7748704365163942,7575097.817430734
design_0472,0.12147659180961362,0.004592561786256607,0.3029810114778557,4.692190538275462,0.7107849353782059,7470980.304985197
design_0473,0.14811365869470933,0.012046101386930743,0.47518440441064147,4.9561695436629485,0.6807989326300073,6896132.169751364
design_0474,0.10974946627206919,0.011620171254289642,0.3188548059507265,1.9707080893478617,0.7269090240290201,5783332.455701947
design_0475,0.1502641645714755,0.025470536977126677,0.3441178772728316,2.5196446514073303,0.7943157807020773,7394083.125120455
design_0476,0.14699673663238236,0.007707856786865102,0.4094746738886845,1.7617530560823074,0.7977337685017042,7851735.115953478
design_0477,0.11094142862538092,0.026685861130049192,0.4278031690643823,4.632267341800002,0.7297880863952085,7428303.366733276
design_0478,0.11493380755712135,0.010153670820258578,0.34706835708691797,4.218015321146005,0.7834829972859125,6598769.043876392
design_0479,0.14409303152937447,0.015191247061462467,0.47134515340610506,0.8157081685219589,0.7804560333197882,4481230.915838231
design_0480,0.15281646279466687,0.0013950655421168625,0.4337056644169279,5.438354800671108,0.7403176105317846,9080726.71537314
design_0481,0.13556192612306467,0.010740126255006137,0.36212398303295434,5.699038293597944,0.7689245856488285,9015854.547684945
design_0482,0.13876032965771232,0.036997213869316856,0.3090307377126922,2.6763519363328983,0.747903955628906,9555587.505120315
design_0483,0.15336592647936356,0.026313918891159124,0.37482186921305205,5.720399285775249,0.6966832134770229,5078026.208846572
design_0484,0.1095862624320052,0.035528145531511436,0.41988484676354426,2.617431402781953,0.7622909858224804,3176100.9014160573
design_0485,0.12762301584600683,0.0020271143138803354,0.3351080416886501,5.639131406904745,0.699157773893789,7866543.562300869
design_0486,0.14393927483609265,0.011862933902132354,0.3360297301189401,4.88381408272428,0.7533836206259736,7063404.253129248
design_0487,0.10621445163298658,0.02601178061455519,0.3685821075166625,4.386877478907213,0.7846026804119443,5684500.925230069
design_0488,0.10231147760085303,0.005502515013906294,0.35573551344522575,0.8423802844698789,0.718125776892327,7907964.036335241
design_0489,0.14065676187216478,0.00332352851543252,0.3316030891108625,3.2016508599920717,0.7287736058178174,8621786.043178689
design_0490,0.15996104155233976,0.034241576899375,0.40754863042238193,5.504629845357954,0.6906609889598556,7728767.586334354
design_0491,0.10415356039612637,0.01962230525954633,0.32998219049599736,2.107135305148955,0.6805952581482987,8606078.261316583
design_0492,0.1329302503620777,0.004651854295016836,0.4391349292199276,3.372572613963006,0.7365480356373549,3902869.4607348973
design_0493,0.10511115292217252,0.010564881755604718,0.3205489742725447,4.798059987906752,0.7396857493980906,7093990.784431111
design_0494,0.1552864254134392,0.013675268940032981,0.4963967279531163,5.8214924320642645,0.6950002816753907,3322664.149053958
design_0495,0.1437908779750345,0.01941891264339861,0.442612812924977,4.9924739440943,0.6901282021696133,7465398.638804247
design_0496,0.11706553971944085,0.009377169193456325,0.420364647495962,4.544038635877769,0.7275329740411852,6122863.248013024
design_0497,0.12275268197783869,0.015559030301044783,0.32821056447262437,1.2810426359026044,0.7802205232388917,8181601.675188014
design_0498,0.15142399914102456,0.014239952868011297,0.4601821591541861,1.7341767427965218,0.78650606844562,5874862.701223621
design_0499,0.15985501600955748,0.006529307336272336,0.39003514621009083,0.9690599978885215,0.7869557752592099,3436834.1512918607
design_0500,0.10088910389636431,0.0005489631846587226,0.43624773006051265,0.4558605598544585,0.7439769037212787,4121548.068629071
