thickness,camber,position,aoa,reynolds,Cd,Cl,Cm
0.05765412087598457,0.08889141889102181,0.2384389128728884,3.663875633721876,1670762.0193450556,0.03360289647329189,0.2998278946510995,-0.06518783766587528
0.0697893483966113,0.05556311831727711,0.28947988308131467,4.62471694248404,259732.6327946995,0.03268906971613466,0.2804079230416714,-0.05673622949682458
0.15815627407438687,0.04548783409597791,0.33701115432712603,3.0161125806117433,7190046.36105277,0.03301016568834882,0.264709464268041,-0.053252228576801244
0.13916324632605587,0.007929734187720075,0.1544294231707197,-1.8934210156356892,386575.10203950707,0.01344031784739993,-0.10996159714334611,0.03763605995244942
0.061074031086305436,0.056657033650850064,0.29459873086473654,5.009716261697983,5824972.74263168,0.03542761658371503,0.30086368147152176,-0.06791816042285309
0.14395820088101002,0.06796967227103316,0.3562839931531142,9.44051913708477,5739262.79710409,0.13302087496179363,0.6816641218627245,-0.1626955948101257
0.07949220762097195,0.001378404667075359,0.1830439538942943,-2.3064054278213515,4803869.9884925885,0.024684590622605727,-0.1386043452387129,0.041206532258248926
0.0512344513460789,0.043577308406665696,0.34822599104322555,12.88846278644992,1329858.370239287,0.22102540907043172,0.8976006847891337,-0.19947971312238197
0.09811103278258707,0.033257873547246436,0.10418133617817774,-2.1193060583074583,8612548.308937216,0.01638324967748771,-0.15462535214632067,0.04616123812438172
0.058996751574434,0.03709660073680447,0.3740212216292178,12.756136772365913,9093711.13823758,0.20265575977096073,0.8693194762187865,-0.1863036156142042
0.15622733531649424,0.03636028987738591,0.3167510465863598,10.030468103946177,6953267.557961814,0.14905955329219828,0.7395025202355997,-0.16291112105754382
0.10128586656975776,0.04388231101111894,0.22442047055281292,14.805473000170213,4459846.146690881,0.29974971340288986,1.0682369301642898,-0.23020789636534722
0.10886245252605195,0.060694956269934944,0.1280632070791251,4.839545558416724,3986437.675599973,0.044567189498714,0.3451794800297618,-0.05460851131718654
0.061895286772278645,0.03656399674511572,0.22672009073079524,-4.639165257687995,3545347.717484544,0.0344489239636504,-0.27192016810436176,0.0816891621758506
0.08258096499580488,0.08617794152557973,0.24935744895769427,12.61509641037588,2212376.376623992,0.27149432084021097,1.0173083886021075,-0.22052869589536847
0.0777626928008941,0.033048366473742416,0.16606924270049656,6.5857243497871565,4924724.580590211,0.05231242244459437,0.40433476924039274,-0.08636029230550338
0.1995470589497768,0.013451642335709061,0.2676108720278799,9.34845700728112,3338977.9567089765,0.10482540649752073,0.6117896197906695,-0.12342776550921217
0.06084769464038025,0.049671654840637985,0.19916022321772475,-2.4692065253666913,3452452.9851203486,0.023193644014438092,-0.2185471143126542,0.04111390446632959
0.13035069629360468,0.008319854374964665,0.47373426131713814,-4.852820111463316,8006431.955988346,0.02379783378510439,-0.22228244455247959,0.052482437158977
0.17843389823196443,0.04438099426793028,0.3598406365103344,3.625635827079952,7526714.605095272,0.033539972974557165,0.27848003408008865,-0.060192806149120155
0.05688051316542664,0.0805910422119042,0.37588023643371005,6.366438511150207,4609956.209321539,0.07606662999128613,0.5137790140757259,-0.10747456971572704
0.11973848396193705,0.07388665386266191,0.49223228806937247,13.445782639804229,104382.89215552712,0.2712755779913614,1.0108335441044283,-0.22850046814658842
0.1826437888932953,0.005362562106911259,0.17398916977427153,-1.143565415358354,2882045.2247677343,0.009977543180882422,-0.031124239221910537,-0.008887465441062035
0.0664613993517552,0.02556430930462036,0.20414643098918012,12.32435517820226,791771.1021683901,0.16578425675288327,0.7898481926745948,-0.19372950746918516
0.05573811502119587,0.05925006972656599,0.43439191941610933,0.4167447816208538,368127.3621762148,0.017323951994927016,0.024896881693048684,-0.01487365301056981
0.08989046080506057,0.04121369944893965,0.24519177420206173,2.2633270029343144,5653555.994252003,0.014406365975759925,0.14970933735379488,-0.03628639608376002
0.09488368661236123,0.015488581764374185,0.36621625247327205,5.2411936541331965,8263408.802883336,0.04715323483180237,0.3834911214595299,-0.08683530513465297
0.0847571791788434,0.06229156399398116,0.43912308466010386,14.201569524795428,3066277.15000349,0.3212081886997846,1.0957982749188018,-0.21983456193802178
0.19898636931988306,0.0011405877298388543,0.2855675882636819,5.8571156316021735,9753692.976952437,0.06351590119354089,0.3888605651343115,-0.07445517299858037
0.14595433477516462,0.03484928681938975,0.4972351410864154,9.141917139972268,6669027.456405385,0.12982548312575684,0.6845616799258212,-0.15917900214251524
0.11761843732441296,0.09595629055825466,0.3324722743836389,1.7678148960419051,5000114.091648905,0.02765497380012958,0.24834544277023862,-0.04828022416819529
0.09522347266383649,0.07896307555280045,0.10061923157328746,2.4793641259739196,9020410.862863706,0.020849087276417617,0.16542076379611417,-0.03809445813206435
0.10515381299139372,0.07458363097948291,0.13412688365291842,9.723871585802167,7680031.638877383,0.14916984799963384,0.7178878896983598,-0.15854146518465562
0.1274743711700938,0.004168277389485268,0.44216681550533765,4.243896464288845,4467119.527221861,0.028411226102731703,0.26162188685301463,-0.05557851029182484
0.16366528329217722,0.07340224675944014,0.22317097256260437,2.5512687663591844,7112592.648208809,0.026936225898771468,0.2251058983538328,-0.041129519065306076
0.14474210639586887,0.09434768315454407,0.4927411353380803,13.646211157613191,5061312.639124437,0.3757657020816346,1.193594109992839,-0.26315285854262843
0.18984718693803737,0.08777570607286461,0.2517838938902065,4.516733722560836,7310259.440555006,0.05089578289486854,0.36486504104808126,-0.06699852252104835
0.09659432186602199,0.08346651921414831,0.3071009696944336,7.295746398968269,7603189.276783471,0.09114906051517968,0.5586740703882439,-0.13182368217041324
0.12163399103372698,0.06170864973863378,0.13068589466834277,10.9244443025341,8913102.205751896,0.16279971779863134,0.7673777158282203,-0.1669084473664268
0.1357868625171652,0.04200028054930871,0.19113715992575006,0.3457786667532208,9626035.434719495,0.010244158871487285,0.053403821952822686,0.015487904852816594
0.053560860337562834,0.060921897079063196,0.4899986523887231,7.441463863404431,6714372.867053132,0.10929455849245164,0.6230267426135833,-0.13300742903636367
0.07507068907045533,0.07266735353736976,0.3824042569570676,-0.6474393186025935,9302215.153077072,0.011110932644356432,0.004090004854761277,0.01561236460413534
0.17566300288478898,0.08382676517762687,0.18690949881516356,-3.5276476841983877,1102806.6791672888,0.041568520102682256,-0.32035814114386924,0.07390879578871214
0.052223419997330316,0.004940428294746676,0.24341135672063574,-1.6297784137278644,2152108.9812778775,0.011637952274613662,-0.09260937771586966,0.02633004689963169
0.13229480771014937,0.005687007252112939,0.31879479234042984,10.094943340268458,6927109.919790308,0.12169744923105984,0.6457580457298834,-0.14246399178693786
0.19255126698001457,0.02226142750391534,0.2662632762866785,11.396911353483539,6755234.616831216,0.16687800715611592,0.7633211566818701,-0.16896688745653599
0.1174043139110928,0.07299131167303806,0.36915230561428514,9.491268858796875,2218013.9550279905,0.1664043548920182,0.7765517290635019,-0.17644646501103348
0.19331520846662753,0.05478755381747487,0.4803913391831779,1.271105746911183,8870088.520145541,0.022056425538326457,0.1469008015742088,-0.02637153614222616
0.09920720776257996,0.0991832649598522,0.41230428956006104,13.224475491763723,747729.2880684995,0.33300483006555787,1.126777685619019,-0.2534309647792463
0.11145381434969819,0.09654404220120968,0.4501589607831388,14.965983268781166,3185835.3061131923,0.41017594480181746,1.2548503978945413,-0.2665149139076285
0.05841913793710457,0.039151140621930765,0.39735655112349766,10.34110549427715,9854350.193665108,0.15564301317961857,0.7585538980420733,-0.15485445330613912
0.10949135389983403,0.05781065056208004,0.16889949440026525,12.993949194822257,6823250.485130959,0.2526373922263126,0.9707406764375822,-0.20816331522703338
0.0976276091516868,0.08917060718615621,0.24670848241104715,5.532375278820805,8158556.3287380645,0.05231700039015863,0.3938317041153388,-0.08683034402534676
0.10034168291631687,0.02032512723530094,0.34699343019055995,-4.101408187605942,2979048.3392648604,0.036750131160243726,-0.26191289252861255,0.06277024596644075
0.07928041222102437,0.019920617513210975,0.11444839648613242,2.3098960167171843,8574367.846294021,0.020856007035305876,0.12142816053353737,-0.02920330734744602
0.11927707014306908,0.01440091313774907,0.3790826795690505,5.284090459796854,1726699.0767930006,0.0418797802550885,0.32644723014462207,-0.06203089198303289
0.14133399427590038,0.07037204617745613,0.2304786456889011,4.068237493106162,974294.5306715752,0.03253691228797613,0.28650306807199594,-0.07923357443266667
0.09267073016429328,0.040432157218214734,0.1956843379300735,9.770567913752943,7925424.764369332,0.14764022734799426,0.7380783153214795,-0.1645203383353655
0.15647718734968963,0.0208854718788795,0.48377301478360357,5.990989714401829,5147039.127178101,0.058385825501771696,0.39594880905295926,-0.10639029378652463
0.1414300092200494,0.021372922417915188,0.44399631658132077,1.3836838599298797,4166088.252580201,0.02131841176952684,0.16266716936420275,-0.0500961978898592
0.15037795703096946,0.03130247626890312,0.1517526035710043,8.498707011800871,4876409.253514485,0.0788142223815619,0.4951502684815,-0.0943553624797238
0.11513900043254989,0.06437041386540893,0.40247352132502345,10.521230607499923,5628710.421507073,0.17039118459909683,0.8001027843021021,-0.16513965031078334
0.15399235640407474,0.05299232301427506,0.2813953273808566,7.7847716536258975,3368512.3397578187,0.10115308457875559,0.5742794821951047,-0.1319465187253427
0.10295852575153691,0.04891842541830594,0.33511683028098926,11.973011229584426,7842301.39329781,0.21827888492606887,0.8972070426927624,-0.21094303119026753
0.10801158089576943,0.009326858896227237,0.21394843417271875,0.8604150191063633,5416814.7780051865,0.011259793412421382,0.08387156659383126,-0.04781722726217257
0.11228232681325448,0.0950889128054786,0.43175868677078955,11.306098397339309,2922032.997361789,0.2535233209304517,0.9785226688260477,-0.21785727483689246
0.1285898455711521,0.05899890700312467,0.4751003670385119,11.558116448334012,3694055.3723214306,0.2063341341580552,0.8703462016164476,-0.1655020470230507
0.0829901956314487,0.09132041102353185,0.2186805170395065,2.9014097073796794,7707882.707978472,0.02496719858227284,0.22015483173857284,-0.04134560793714359
0.11331540368406515,0.003655054433677691,0.10581657422529983,12.036937999593967,9874781.91529167,0.15984911410323205,0.760730277547433,-0.17284673228791983
0.08150333079160245,0.03866089678962849,0.1231756666293833,-1.962734172305301,8825722.786109602,0.017767690660826892,-0.15028423464137677,0.03887316061979481
0.1491253415681654,0.06674032213450329,0.29170008979732287,-3.1429482285485317,4264030.668115845,0.032795707235148505,-0.2752464135338113,0.04694683711152915
0.14237093288033198,0.0023800348227242785,0.1694559186972508,6.955258798584051,1693018.2951314822,0.04856853576455764,0.362791989552018,-0.08271607028373859
0.07800142983930221,0.08676375745977222,0.181605266243818,6.355662817099022,9430396.152173176,0.07295104346292182,0.4692349136443505,-0.09963399354780657
0.12539640343127928,0.08282985390175371,0.2642341247030753,-3.9394216143934764,5864573.505368731,0.025977115283636658,-0.2792829541490461,0.06306613901163226
0.19811645535427003,0.01305884775413174,0.4157014690585963,-0.3013127254731147,1802907.475811875,0.014460676364588436,0.009135270253347446,0.0062900671937883195
0.07103560224599396,0.08821085115301103,0.4719310835687295,3.4196981979293266,1597164.1431095179,0.039864874724880414,0.3298928294032637,-0.06648364467176715
0.0687138683646003,0.0659381181878007,0.3131267245565284,9.229148221443225,2693063.823693363,0.1314091483563077,0.6836035156697934,-0.14173136972064054
0.16523638758300613,0.017401018074543802,0.3709978278909022,9.080138311162088,4561725.984436414,0.10933397943127816,0.6124896482376905,-0.14110941489236317
0.15933835871546054,0.026762762873484044,0.10802134909096506,7.483082148626778,1404446.3791350129,0.0716598106922777,0.4944370794004196,-0.09899512049778231
0.08923569229874427,0.03189754567672894,0.21582661995391983,-3.67804982561805,8720095.864281945,0.03019271007023971,-0.2537595793487069,0.0730734033032573
0.11865777677856194,0.026855253683856568,0.4276703744810336,-4.464598946454192,5365133.440397309,0.03410605405207315,-0.24356231704611128,0.04468787216414605
0.1864459999834266,0.07532549616460726,0.13847836985516193,-3.5551290483519438,6175040.287128659,0.03504166279309419,-0.308050752326653,0.06115397383965629
0.1831824876799274,0.0006135795383823651,0.12710828958730158,13.463906054645761,9233695.022355799,0.17819925131567751,0.7927288628997311,-0.16102409908858703
0.1732448899604265,0.08129862642037881,0.2585876946532869,-2.5634731115648086,1904021.2797791099,0.02570948033128477,-0.21621061686853574,0.048091854636738623
0.18864345292773127,0.0708926533134115,0.4108992184834024,3.1771220075441455,3852733.367005852,0.02787018497113608,0.22154188179356935,-0.03257422047451734
0.1346808078562322,0.09216429417244211,0.3020919839219581,13.81297891453152,9378956.626586124,0.34551199715898484,1.1515692975556062,-0.25500567375598193
0.17209468493397348,0.05328540527313437,0.2750943258473116,3.4692745255767825,4688193.191520382,0.028887298369245442,0.24069956079292454,-0.036804885453542255
0.13645333037905522,0.07857958014577016,0.25544630729055817,9.93225562469738,2816649.466994062,0.16921837618275745,0.7730446756666883,-0.16639758307424382
0.19396513788652597,0.08992944863979951,0.47684614346920884,5.61881440992101,9942815.8561907,0.08495255246845027,0.5154255551875625,-0.10811345044884281
0.07610688316094458,0.07773627055231878,0.4370699207164054,-4.3685909377264815,9117266.09635326,0.037752998158264564,-0.28035142303200244,0.07965658140030915
0.10588021553301352,0.012325388313015084,0.2568916758452716,2.438806559416136,4865872.554737912,0.025487253903648182,0.18757988529245934,-0.044515517889392314
0.12078395461667253,0.06728180582747538,0.23371170792280274,10.655992641059873,4211361.624605151,0.17646711449986507,0.7985596839487173,-0.18307589725314313
0.16824608194321006,0.059934031702424985,0.42555268281171255,10.42715066977139,1963989.2252886605,0.17182182819478048,0.7737344530152852,-0.17290920079257352
0.1245228800377802,0.016068530383979405,0.24010801016418998,-3.7407671809018233,8942124.126769887,0.02895775210545323,-0.23194857467300892,0.05603408184601273
0.13767906746085856,0.0034208323956897192,0.2634196044978223,0.2605368536479302,3102486.6004398433,0.016486225886070707,-0.0472366800626629,-0.005162896136148612
0.1800195195883449,0.05207822581196302,0.34070729536902433,14.124124625689248,9486468.50965365,0.25827552958278127,0.9809758761372765,-0.20787763694933073
0.17108492060720773,0.02944653248786502,0.4171121704574382,-1.0288219010288397,1043377.3074575188,0.01729758893827602,-0.1036694407268837,0.01830295975837293
0.1642601817880749,0.03842084878404992,0.4868625584214469,-1.2338598121020103,3224540.2644805633,0.014283689232592673,-0.08650774770540712,0.0316624565660467
0.07406681669469747,0.047887296144454,0.3115410308063254,3.8803441680159967,1189565.5500106323,0.03685694517779651,0.29402464492829,-0.08719140604889489
0.11098921973845477,0.07934935536582732,0.1788617954891981,14.512667515049976,6466926.733992696,0.30986782862249396,1.089712450986148,-0.24522191630701945
0.16063406430330757,0.0414152714151256,0.2965071687321905,-3.3185120841075544,6376587.619836674,0.03064554492000664,-0.2298555491242961,0.03494599743745788
0.18718190653811556,0.08167524968557083,0.4475683957048272,-1.3176492405924929,3784786.4474049127,0.014753273395729221,-0.01741136612918351,-0.0019815366246520288
0.07313268694517755,0.06007182126770934,0.23626260378744204,13.883580778533304,2424964.1481774305,0.2706291477203678,1.004179984310075,-0.2166407828990958
0.15760932196918756,0.03531186665009001,0.38410419533322715,5.725937923312721,557777.195896569,0.06300821034549356,0.4267471226725492,-0.09461727724295568
0.12577962634756282,0.09301260837582204,0.17608434018352614,-0.7818945825404615,2524614.73498608,0.021721271512563235,-0.11099814718875613,0.02467619494332086
0.09066028225381029,0.07183707764504502,0.3490991555043934,14.384354100785949,9716006.732053565,0.32792697659957193,1.1131132647804456,-0.2443216546361473
0.16475841019375043,0.05740663347023454,0.18474937873606612,8.669010124128532,189517.25597609457,0.09053533843347002,0.5622780997026142,-0.11994510052426866
0.08122109705095303,0.0502158689531967,0.42152045217407585,14.07582664837486,3572366.3069252395,0.27515651059469604,1.0197239163817553,-0.23291814595482135
0.10591650022544302,0.0074745593508961615,0.2112016913983969,-2.453665605847843,3963628.1850144053,0.013188441869085616,-0.11975898851680192,0.033639710663213813
0.13287619617278112,0.0998215578564355,0.2743999103933706,5.749515438836841,1880479.9437704831,0.054121819929004056,0.40520621710916116,-0.07952406132446754
0.17718000436305203,0.009931512284630345,0.3578528606323075,1.099354216167617,862990.7909961574,0.021321353268174366,0.09347636228877429,-0.016416474958430422
0.07370487344208385,0.021230882122584307,0.3881996408319971,7.673959529725927,3137801.95108672,0.08593891388203824,0.531254423322189,-0.11067371223969143
0.11607901227189305,0.08216196933906558,0.14210256657315903,3.3056737545019583,3715788.292743958,0.023956944085046124,0.22289832800087853,-0.04360859307193471
0.15454304323498774,0.056016862264072945,0.4635307118514156,8.784853783187945,5700721.265413225,0.109245092445021,0.6195873433230172,-0.11427797663583093
0.11454196148866093,0.05143432778486946,0.20639532271165947,8.202852037321875,9556659.301740346,0.10389709308423513,0.5957342805902701,-0.13038945360683843
0.06806491489802034,0.09322293079824029,0.16256886556266004,4.92270233646966,8094673.414198381,0.04409078638010728,0.3739286523258428,-0.08253844777108399
0.15193262480100128,0.09021299498136155,0.19799094597109806,-1.763504773336504,6313719.804735174,0.016712739597717845,-0.13124564089641566,0.02404515504307851
0.1818426143815695,0.055373860644346844,0.13211117157161892,-0.3810548190602452,503882.9590690642,0.016328403209618782,-0.05787353264386335,0.004070766295201974
0.16595854968738366,0.08525081485079233,0.19034993623196222,7.218320255312932,1449670.8494668142,0.11588179741460376,0.6211818358222161,-0.14654719731137453
0.10231043947277219,0.006044075697409595,0.46612041859441955,1.5471085502234052,7632083.903065388,0.018861040319769866,0.128360259886677,-0.03694590803645584
0.09399260963161746,0.015108439744007269,0.4983575856873381,1.8435730957528769,281655.4949402779,0.007690071601705472,0.09511078867762929,-0.021177924133278937
0.1694668146563149,0.042787817528062766,0.3288834471433025,12.115235136091474,8360196.008521269,0.20975790831253388,0.8743636184430116,-0.18773341024664353
0.05507742922562868,0.09879358981387165,0.17641851796962627,-4.271325280130148,7152029.728953043,0.0417954313728959,-0.34282101906088014,0.07889585247333139
0.14699971352447416,0.05056818930093852,0.48846092207034,-1.4658063431694748,8693157.386787143,0.015507632118145181,-0.0032458476801276864,-0.005424220605640883
0.0801518115039574,0.07750468193553778,0.10911719969182741,6.685002413073304,8200993.735941676,0.09132959620268821,0.5398864696706152,-0.10744803722926957
0.18471937999850407,0.008730144477018194,0.2089366922321603,-2.050496519103433,6273907.309585643,0.01236960313504347,-0.11103420703613237,0.03208355660526914
0.1836877034087137,0.025080644049719353,0.4072055077687252,11.057027059881207,9187808.568745878,0.18486863344716054,0.8215959681895917,-0.18159517675443876
0.13719821661969464,0.011511224714242053,0.4550668032794333,-1.4339746075228748,7216054.455337495,0.01805683952252459,-0.09723395456790751,0.015207645299719793
0.19199584218058424,0.09236324018540609,0.3017291568912304,12.705951349959882,5112014.600198113,0.2700264767425533,1.0125822008072463,-0.214512907763734
0.15850582365593763,0.018179772670481972,0.38088249210524305,1.9384284182395994,9008667.671989212,0.022696574062152794,0.11880644009546379,-0.02371228776602653
0.07563543939257725,0.06322925687209832,0.3151425221657166,-0.8397871239418722,6226624.849166564,0.013883123809026784,-0.059733028852346,0.0005568714595285927
0.09135361493858443,0.0164302978767527,0.21036555699796564,14.582698159010622,5347137.696951347,0.21124640243463014,0.878144042613645,-0.19337858299854335
0.0723126192835761,0.05232429201719461,0.2542043751237464,0.7195625826149312,3909613.287765445,0.011623510758064034,0.08203694824825437,-0.013858041733356315
0.08701070058115348,0.04054207654273806,0.4454568302362423,0.5185125402717112,6066642.612199093,0.015618018905440201,0.06447282673685911,-0.0219647074507044
0.1603612582195253,0.05382960366835317,0.32364076356861293,-1.7000800918291508,2368215.422181398,0.024908279327255547,-0.17040817331292557,0.041003120167268654
0.13359611198209878,0.0936748641998702,0.16091469709794484,1.7150575533351766,1478557.969156039,0.01586410093795138,0.08058941177056606,-0.02946764951610632
0.13177238636214927,0.06718091861923238,0.10360423858000016,11.231520007590895,7946445.688077169,0.19512889263119335,0.843995324253561,-0.17030168277708474
0.1861295733211053,0.09162709919477034,0.22007416495846444,2.6589124434931897,660661.4513374772,0.029516848714375998,0.23173976911164476,-0.03575443637812442
0.17798781303969652,0.06868318327328501,0.2177543688783988,9.606787024498484,9509092.083350968,0.17928011551118087,0.811237071209091,-0.17893683351083112
0.19145713041685114,0.03011712820481001,0.418925918556066,13.940596435544592,4316527.751881832,0.3098663111750627,1.0799962526271716,-0.23306111835344273
0.1514263372307091,0.019398867114923335,0.16517192442893924,4.284153239519018,5577253.888003745,0.03530214539226826,0.2879036225538188,-0.08685605060639118
0.16757171177653568,0.07554910253402665,0.26039304707386235,4.778328521946891,6513568.421113597,0.04541833642975492,0.3381309244177229,-0.08368580689853157
0.062276339716635216,0.09060245569228227,0.35124611192160393,10.19067691188916,1819558.4573696798,0.1553287396326444,0.7447498391197162,-0.16406468013709039
0.13441919590116805,0.03247174057557383,0.44163291971397356,-0.05935655696036335,2532009.2757315487,0.01039859858471184,0.03601992766063245,-0.017671562082340518
0.11374131904706812,0.029803194321423743,0.3999348313610579,8.367293225242797,2615364.879214143,0.09011204274184675,0.5501836488801177,-0.1130023420976766
0.1311083551636558,0.06534269699477048,0.18897176284742112,6.231352923417113,3496776.0489434297,0.06828711377811439,0.4427473238329691,-0.07547116502593015
0.16910506594384417,0.07134047250792051,0.4616152720577288,10.783226874728186,6442276.219712806,0.18939437395140474,0.8350435313068524,-0.19333550990656295
0.19543305245981146,0.04717862702657963,0.17217805169312067,8.055079474801992,6111252.566511887,0.09332699898202888,0.5601031243212223,-0.13018196258072345
0.10113523133567628,0.05858542255863695,0.24752224624774388,7.090796994317099,5972132.468988421,0.09584769220245191,0.5690774487136325,-0.12108499235714075
0.12330261226829056,0.08712132083590425,0.1592157690542792,9.838128987497583,1277145.833220327,0.16556817965990275,0.7686539125743963,-0.15037905965629383
0.16232248962948964,0.018489777072287397,0.13774094026722122,6.047285145404448,7269253.373905354,0.0512254729959105,0.37580633144256964,-0.09434644273059574
0.17529891849400225,0.000304211026338697,0.4564902097862016,14.72285733728664,7369265.36776422,0.21983709723696274,0.8883762733783163,-0.19294329258936999
0.1763330286080022,0.08765888454020115,0.3344593199636264,11.805617693487406,4018652.956291119,0.21795871271174233,0.8892819489219379,-0.17479927371848925
0.15022095923966744,0.07718712637508576,0.3781249390674516,-0.10096631523292743,6777093.282101726,0.016474339741590974,0.001088324380095991,-0.01444140905416122
0.1746079734713143,0.06837763088616787,0.23710873566769797,-4.349948666644526,9279786.637318965,0.04309659167818535,-0.3198338323361909,0.059604079972088705
0.0957817935504484,0.02608221859707865,0.27970410275253643,7.566096601078609,1141502.8806194237,0.1016490686861333,0.5684474210144614,-0.12851203212987755
0.1807357294428949,0.06185509378140787,0.4300828046721843,13.308779595060606,8020690.770987206,0.28094686754664366,1.026068115659304,-0.22908521676015872
0.08861713449183692,0.08008492757008177,0.4085120016039483,1.018253316159865,6867966.973651182,0.012080347971835072,0.1516233309150626,-0.022828572096674875
0.18553430293507361,0.07435726086645944,0.1557861170284299,2.811081055174512,7838657.435345513,0.029746518338430592,0.19167332651004512,-0.03752081680800777
0.0674910372804042,0.04953680266008296,0.11969911316803314,7.93407424355901,2093135.8943942385,0.07356977777174058,0.49671162842770294,-0.12554007477071344
0.14767824064559726,0.01712856674039546,0.3929272373506951,13.127833586542867,7519328.814621401,0.19150582412193415,0.8339709520964008,-0.1778056484299882
0.14876564636718942,0.09695768389685015,0.15786737466101441,6.772064299856179,1990370.1485832082,0.08385821107399563,0.5081110131291673,-0.11465108124506782
0.08545181299677274,0.027719736453682933,0.45092166439649006,-0.5986035303758337,3649289.051101667,0.008765828429062292,0.07927760068249123,-0.0038650078871251946
0.19666093031834952,0.03141800895448741,0.1462978174307066,0.9434734518308403,6567706.57638246,0.011942723270122909,0.023843603750427086,-0.010578927920828533
0.09223828202520092,0.09472974199595871,0.36310044510326767,13.576034450303606,7037368.967042083,0.34783116085186494,1.1608444228816575,-0.2589100336051083
0.06021489053824021,0.0797292210115065,0.45957948992784214,2.1023737729178364,7423585.097204719,0.016532980125954985,0.1687985221212992,-0.029332482128295312
0.1627653840000668,0.028839299618141086,0.22837060636352866,11.483852657854563,607340.3664378055,0.17323337476280098,0.7874643809832824,-0.16474772000440852
0.05643163332137315,0.04647344443764329,0.3527574234981946,3.780066146554473,6601843.762665152,0.037108576580927505,0.30622614146232463,-0.06149455414922009
0.09362786144685828,0.03372907792894983,0.29905412715082547,12.508367142694496,5540766.761660978,0.199223756195347,0.8554288515573054,-0.20403844817858677
0.1066661433488577,0.02345681489089066,0.38966803345780143,-3.3772158323971047,5906730.266670654,0.01862327467907683,-0.19382220123985908,0.04872493311877823
0.05192378970784876,0.07627293545777296,0.2929836675262587,-2.719325704012903,3825453.3666614513,0.0172975686241384,-0.22509469991257305,0.04146594152775527
0.06467968121260807,0.0069393204979259875,0.38567569866579854,0.05644975499660898,6151734.123091777,0.01213684961758226,0.04996483304088502,-0.00843132253817429
0.18926701153828202,0.0064858472833396385,0.4949400724908617,14.857278743759863,950292.3206437851,0.232373605612502,0.9278389879451949,-0.21816734628343332
0.07120183639258316,0.001879285209399533,0.1112761864803303,-0.4636238615600661,4410802.118481336,0.015101383441650136,-0.09259666958053389,0.02489086733943008
0.1279020906601539,0.04498948177519003,0.4818559552114413,10.602077756331301,6007630.935983914,0.1534602045418119,0.7358051694703844,-0.1685934418733026
0.19598574698512183,0.09845698641447724,0.47941975911163703,6.853750806463793,8398855.478181338,0.1117014512229695,0.6136798406264953,-0.14488220184799985
0.1226755863788922,0.04836282965642377,0.1492083975098791,7.139305431215764,9676146.601866221,0.09757822378404284,0.5665885276830427,-0.11606038983575269
0.12678826864803433,0.046184496826094046,0.11612525692177052,8.167011681767768,9969194.706697285,0.09852807182126133,0.5741057078341314,-0.12250127560195856
0.19772308334940303,0.05683868254915645,0.4141025513720753,11.718279590445015,8301092.294664988,0.21524238455309863,0.8836132454681878,-0.19882952154045555
0.06371747541914691,0.03987358483778569,0.3687234761788264,-3.016887830442826,706509.446438507,0.018576340864287156,-0.18962085331791712,0.057424583765285975
0.1880897159264227,0.01897298189097521,0.4253724125145647,2.047137150879429,1496830.0443563976,0.02539202933267124,0.2065395516375982,-0.04927603611923978
0.1613732823631232,0.05113840611062336,0.4543441962290371,8.613414882677311,8771735.172269145,0.12834947811782532,0.6669075553871411,-0.144864433262143
0.12106945212322236,0.022328767819425173,0.4347242875389701,8.274130126522659,5275793.499260296,0.09540220034663446,0.5577857124767015,-0.11935385923350555
0.14003204604584002,0.05451280811795324,0.11793128448013127,13.063230315774906,5250119.5785671,0.2536644656642082,0.9754274909035041,-0.21915532309651845
0.15561569689406446,0.03779736501918085,0.32978771603804125,8.859785054336163,4142560.990448472,0.12083103670993524,0.6417817176487864,-0.1353466939981583
0.17937278035836351,0.02856349453409897,0.40026921244037317,5.128706558176253,876919.1757616166,0.05835558125226744,0.41679357950971674,-0.09617220612776196
0.12411634122983409,0.09755852152859625,0.47017299097376997,0.7490895480232691,2765244.1155546447,0.015434893836356036,0.10289902191870563,-0.023827412398419442
0.06349535441305862,0.010026573246937228,0.20341699029555693,3.918534356143306,5495482.195945758,0.02442217383953768,0.19629450611739657,-0.029257567750385724
0.0532287228560332,0.08461523702906003,0.3433100144139162,-4.037597084664543,5794756.331502515,0.036931002709237826,-0.3514243252959959,0.06944594815086656
0.11665095979112054,0.03422261581757455,0.3220884824556324,7.829584078194946,8499730.503441855,0.10689681277643932,0.6189417357733942,-0.1592683067049144
0.0769107838220765,0.014887087998242884,0.36137309726990885,6.53079508519528,507699.14451366186,0.06798177205287013,0.4874884473518956,-0.0906914758273508
0.12916728034413258,0.09555574603939651,0.12087697905220414,12.228126553135283,9346161.445021788,0.24925298767898676,0.9791673706640793,-0.18705686963884552
0.05031597635437926,0.030711562234228326,0.20157862757655987,-3.8296058048062305,4332148.762786944,0.02858269886690716,-0.2741318862208519,0.057177669181120945
0.054444069936645675,0.06365763385231582,0.125157132949618,11.13141667708728,3285652.723599181,0.20500088140816525,0.8693601065382638,-0.2087178748290504
0.19505464685945917,0.07680452064601766,0.31069281216229055,0.09846832657916416,1075531.015383295,0.014335238513376725,-0.03444769308606801,0.006777788336356054
0.15322173008278553,0.037515902667277605,0.30836281591773584,-4.593807826486007,4726574.24749231,0.04393956842949752,-0.3359143757706343,0.07216441025115118
0.11000777006919121,0.027809860059680065,0.27683342794048815,14.321021882089642,4098120.529504315,0.2624855452121974,0.98562088552338,-0.2179015374235758
0.17346318236935895,0.06575391496937194,0.327181624200551,0.6052360293808521,3394249.4336276855,0.01909787541153649,0.044140649953684274,-0.018872205959947867
0.13821178949205348,0.08420416427966143,0.39128429930206843,3.253458671719951,2713429.750775807,0.03339426434859186,0.27847306288627843,-0.05294233748182664
0.09879227981619068,0.06925499379578902,0.2854503476862059,5.364239227417167,5037359.662631613,0.059875347363397176,0.4103431016813656,-0.0829527588031659
0.0840485933364499,0.06297351725384705,0.3452199453505781,-0.9229387918325065,8441547.273413641,0.012721702391305155,-0.02959924166470118,-0.006543017514343394
0.15268664041483848,0.024126430704475003,0.46851062455525805,-2.8841981934894454,3004250.5256430293,0.014467738741264564,-0.09808944501910818,0.02929543814228693
0.14295912411286643,0.08245468392876547,0.27186766550407454,-2.9954600995113125,8544577.886076028,0.02450645584670919,-0.21680247464704086,0.07069703475967087
0.14533370306733007,0.06469177542687281,0.19300725897944018,-4.912750339994538,7459766.52902098,0.03934578904293857,-0.3388502314562302,0.07820740750754743
0.10734603112066773,0.09784108244594415,0.14365125869727705,2.95168965349116,8125300.192653948,0.01672086842178968,0.15410670066604074,-0.0343414932938357
0.17183921799013324,0.07138748381833364,0.27024302638444264,1.2964990261193963,5211858.690814641,0.016610576024955942,0.10642425629658997,-0.022691744014774997
0.1907533052749571,0.04512737157499021,0.39543830154227033,10.8266285157355,2331131.4555432484,0.16006301066413506,0.7480948291442214,-0.1570744735947934
0.10410426922853866,0.012117107984863613,0.2883488060577618,-2.7672772825666865,2659338.684175947,0.029914959221507352,-0.21626523832699834,0.030635149616413358
0.1672101884006416,0.023787504580387836,0.4042626950211944,-4.787537246746372,7794110.509959579,0.036436027467518554,-0.3153855339850695,0.07174234964389994
0.08659553624363289,0.024910086433064003,0.32040336104991995,8.921760872600352,448899.3830248233,0.09622052065685768,0.5695909431521248,-0.12846734439510363
0.17022646648260367,0.04266847145297351,0.13586335904436053,-2.19442313602122,222241.56550303468,0.017483950676784946,-0.15393881727747288,0.0536248440741937
0.0659035887177164,0.06958621504082489,0.3050863228946833,11.859810996822663,1238437.4004440457,0.19443260357008987,0.8458843333582575,-0.1857486942256415
0.08753209831694167,0.08563179068959674,0.3649907146708593,6.124956531189643,1570577.8977244892,0.07527208745397719,0.499350958127204,-0.09060938095610178
0.1809253670063466,0.047545601756743806,0.14784467687134362,1.5433429470593847,2061997.234923936,0.01083854422623682,0.07327510943284027,-0.025731563000342617
0.14622151753637103,0.01381353297980307,0.23192010384291642,-3.2669034090396116,6991570.703073375,0.028830338623043506,-0.2133658026285317,0.053227474235698985
0.1036439438587571,0.010661568908163027,0.3391094104434682,4.669799772716832,4539964.992986856,0.04276735630638814,0.3516928384563194,-0.07385857475523308
0.06551531477220508,0.03549424007488385,0.2819565918190936,-0.2584838987056344,9775980.800615596,0.010036957483143344,0.021018816205871226,-0.012249784841692979
0.13949205123242295,0.002834242168835455,0.14043165437824975,12.410853851732519,4759459.651246858,0.1733147247247618,0.7993779773211408,-0.1740041665992165
0.06960893662989842,0.011070536729836688,0.4231103270252685,4.1583810536634225,2278631.7381656775,0.030041408290932117,0.2803461527248893,-0.04921884912926453
0.08585683018984658,0.023082337905093352,0.4639708072422676,4.376311825518693,2477453.5216145,0.03533557377183459,0.2907471687188016,-0.06650982402384956
